,,,,,,,,,,,,,,,,,,,,,,,,,,,,,,,,,,,,
,,,,,,,,,,,,,,,,,,,,,,,,,,,,,,,,,,,,
All Holdings Ungrouped By Security,,,,,,,,,,,,,,,,,,,,,,,,,,,,,,,,,,,,
,,,,,,,,,,,,,,,,,,,,,,,,,,,,,,,,,,,,
Holdings for All Accounts as of 06/04/2026 6:41 PM ET,,,,,,,,,,,,,,,,,,,,,,,,,,,,,,,,,,,,
,,,,,,,,,,,,,,,,,,,,,,,,,,,,,,,,,,,,
Holding Summary,,,,,,,,,,,,,,,,,,,,,,,,,,,,,,,,,,,,
Total Market Value:,3891524.61,Accrued Interest*:,0.14,Total Cost:,2391095.89,Adjusted Cost:,2391095.89,Est. Annual Income:,59556.93,,,,,,,,,,,,,,,,,,,,,,,,,,,
,,,,,,,,,,,,,,,,,,,,,,,,,,,,,,,,,,,,
,,,,,,,,,,,,,,,,,,,,,,,,,,,,,,,,,,,,
Account Number,Name,Institution,Product Type,Open Order,Symbol,CUSIP,Last ($),As of,Quantity,Market Value ($),Today's Change (%),Today's Change ($),Total Cost ($),Adjusted Cost ($),Unrealized Gain/Loss (%),Unrealized Gain/Loss ($),Accrued Interest,Pays Dividend Flag,Dividend Per Share ($),Current Yield (%),Maturity Date,% of Portfolio,Coupon Rate (%),Cumulative Cash Distributions ($),Est. Annual Income ($),Moody's Rating,Net Value Inc/Dec (%),Net Value Inc/Dec ($),Price Change (%),Price Change ($),Prior Close - Market Value ($),Prior Close - Last ($),Prior Close - As Of,S&P Rating,Purchases ($),Ex-Dividend Date
Portfolio Management IRA - 7350,ABBEY CPTL FUTURES STRATEGY I,Morgan Stanley,Mutual Funds,No,ABYIX,74925K367,11.87,06/04/2026,1064.317,12633.44,-0.335909851830464,-42.58,12480.9,12480.9,1.22218750250382,152.54,-,-,0.146,1.225,-,0.324639858823866,-,-,155.39,-,33.648868948693,3180.73,-0.33585222502099,-0.04,12676.02,11.91,06/03/2026,-,9452.71,12/04/2025
Portfolio Management IRA - 7854,ABBEY CPTL FUTURES STRATEGY I,Morgan Stanley,Mutual Funds,No,ABYIX,74925K367,11.87,06/04/2026,6812.716,80866.94,-0.335853891048066,-272.51,78286.75,78286.75,3.29581953523425,2580.19,-,-,0.146,1.225,-,2.07802720281396,-,-,994.66,-,38.600345768416,22521.53,-0.33585222502099,-0.04,81139.45,11.91,06/03/2026,-,58345.41,12/04/2025
Portfolio Management IRA - 7350,ABBVIE INC COM,Morgan Stanley,Stocks / Options,No,ABBV,00287Y109,224.94,06/04/2026,38,8547.72,3.59692350204946,296.78,5410.11,5410.11,57.9953087830007,3137.61,-,-,6.92,3.187,-,0.219649645232488,-,-,262.96,-,-,-,3.59692350204946,7.8100000000000005,8250.94,217.13,06/03/2026,-,-,04/15/2026
Portfolio Management IRA - 7854,ABBVIE INC COM,Morgan Stanley,Stocks / Options,No,ABBV,00287Y109,224.94,06/04/2026,214,48137.16,3.59692350204946,1671.34,30389.54,30389.54,58.4004233035445,17747.62,-,-,6.92,3.187,-,1.23697431788822,-,-,1480.88,-,-,-,3.59692350204946,7.8100000000000005,46465.82,217.13,06/03/2026,-,-,04/15/2026
Portfolio Management IRA - 7852,ABBVIE INC COM,Morgan Stanley,Stocks / Options,No,ABBV,00287Y109,224.94,06/04/2026,3,674.82,3.59692350204946,23.43,567.15,567.15,18.9843956625231,107.67,-,-,6.92,3.187,-,0.0173407614657228,-,-,20.76,-,-,-,3.59692350204946,7.8100000000000005,651.39,217.13,06/03/2026,-,-,04/15/2026
Portfolio Management - 0827,ABBVIE INC COM,Morgan Stanley,Stocks / Options,No,ABBV,00287Y109,224.94,06/04/2026,108,24293.52,3.59692350204946,843.48,15298.65,15298.65,58.7951878106891,8994.87,-,-,6.92,3.187,-,0.624267412766021,-,-,747.36,-,-,-,3.59692350204946,7.8100000000000005,23450.04,217.13,06/03/2026,-,-,04/15/2026
Portfolio Management IRA - 7350,ALLSTATE CORP,Morgan Stanley,Stocks / Options,No,ALL,020002101,210.84,06/04/2026,23,4849.32,0.716537689882487,34.5,4380.73,4380.73,10.6966190566412,468.59,-,-,4.32,2.063,-,0.124612343129959,-,-,99.36,-,-,-,0.716537689882487,1.5,4814.82,209.34,06/03/2026,-,-,06/01/2026
Portfolio Management IRA - 7854,ALLSTATE CORP,Morgan Stanley,Stocks / Options,No,ALL,020002101,210.84,06/04/2026,158,33312.72,0.716537689882487,237,30611.38,30611.38,8.82462665845185,2701.34,-,-,4.32,2.063,-,0.856032618023196,-,-,682.56,-,-,-,0.716537689882487,1.5,33075.72,209.34,06/03/2026,-,-,06/01/2026
Portfolio Management IRA - 7852,ALLSTATE CORP,Morgan Stanley,Stocks / Options,No,ALL,020002101,210.84,06/04/2026,3,632.52,0.716537689882487,4.5,588.07,588.07,7.5586239733365,44.45,-,-,4.32,2.063,-,0.0162537838865163,-,-,12.96,-,-,-,0.716537689882487,1.5,628.02,209.34,06/03/2026,-,-,06/01/2026
Portfolio Management - 0827,ALLSTATE CORP,Morgan Stanley,Stocks / Options,No,ALL,020002101,210.84,06/04/2026,50,10542,0.716537689882487,75,9523.33,9523.33,10.6965735724793,1018.67,-,-,4.32,2.063,-,0.270896398108606,-,-,216,-,-,-,0.716537689882487,1.5,10467,209.34,06/03/2026,-,-,06/01/2026
Portfolio Management IRA - 7350,ALPHABET INC CL A,Morgan Stanley,Stocks / Options,No,GOOGL,02079K305,372.19,06/04/2026,53,19726.07,3.67698264575614,699.6,5745.94,5745.94,243.304489778869,13980.13,-,-,0.88,0.245,-,0.506898246237738,-,-,46.64,-,-,-,3.67698264575614,13.2,19026.47,358.99,06/03/2026,-,-,06/08/2026
Portfolio Management IRA - 7854,ALPHABET INC CL A,Morgan Stanley,Stocks / Options,No,GOOGL,02079K305,372.19,06/04/2026,398,148131.62,3.67698264575614,5253.6,47210.79,47210.79,213.766450423727,100920.83,-,-,0.88,0.245,-,3.80651890570981,-,-,350.24,-,-,-,3.67698264575614,13.2,142878.02,358.99,06/03/2026,-,-,06/08/2026
Portfolio Management IRA - 7852,ALPHABET INC CL A,Morgan Stanley,Stocks / Options,No,GOOGL,02079K305,372.19,06/04/2026,6,2233.14,3.67698264575614,79.2,1159.05,1159.05,92.6698589361977,1074.09,-,-,0.88,0.245,-,0.0573847071212534,-,-,5.28,-,-,-,3.67698264575614,13.2,2153.94,358.99,06/03/2026,-,-,06/08/2026
Portfolio Management - 0827,ALPHABET INC CL A,Morgan Stanley,Stocks / Options,No,GOOGL,02079K305,372.19,06/04/2026,226,84114.94,3.67698264575614,2983.2,14506.51,14506.51,479.842705102743,69608.43,-,-,0.88,0.245,-,2.16149063490054,-,-,198.88,-,-,-,3.67698264575614,13.2,81131.74,358.99,06/03/2026,-,-,06/08/2026
Portfolio Management IRA - 7350,AMAZON COM INC,Morgan Stanley,Stocks / Options,No,AMZN,023135106,253.79,06/04/2026,58,14719.82,1.50787936965042,218.66,7939.9,7939.9,85.390496101966,6779.92,-,-,0,-,-,0.378253293379532,-,-,-,-,-,-,1.50787936965042,3.77,14501.16,250.02,06/03/2026,-,-,-
Portfolio Management IRA - 7854,AMAZON COM INC,Morgan Stanley,Stocks / Options,No,AMZN,023135106,253.79,06/04/2026,327,82989.33,1.50787936965042,1232.79,43094.85,43094.85,92.5736601937354,39894.48,-,-,0,-,-,2.13256598163977,-,-,-,-,-,-,1.50787936965042,3.77,81756.54,250.02,06/03/2026,-,-,-
Portfolio Management IRA - 7852,AMAZON COM INC,Morgan Stanley,Stocks / Options,No,AMZN,023135106,253.79,06/04/2026,5,1268.95,1.50787936965042,18.85,1160.48,1160.48,9.34699434716668,108.47,-,-,0,-,-,0.0326080425327183,-,-,-,-,-,-,1.50787936965042,3.77,1250.1,250.02,06/03/2026,-,-,-
Portfolio Management - 0827,AMAZON COM INC,Morgan Stanley,Stocks / Options,No,AMZN,023135106,253.79,06/04/2026,221,56087.59,1.50787936965042,833.17,12834.9,12834.9,336.99280867011,43252.69,-,-,0,-,-,1.44127547994614,-,-,-,-,-,-,1.50787936965042,3.77,55254.42,250.02,06/03/2026,-,-,-
Portfolio Management IRA - 7852,AMERICAN ELEC PWR CO INC,Morgan Stanley,Stocks / Options,No,AEP,025537101,127.79,06/04/2026,5,638.95,1.17172037051698,7.4,547.5,547.5,16.7031963470319,91.45,-,-,3.8,3.008,-,0.0164190147573035,-,-,19,-,-,-,1.17172037051698,1.48,631.55,126.31,06/03/2026,-,-,05/08/2026
Portfolio Management IRA - 7350,AON PLC CL A,Morgan Stanley,Stocks / Options,No,AON,G0403H108,322.24,06/04/2026,15,4833.6,2.10392902408111,99.6,4759.43,4759.43,1.55837989002884,74.17,-,-,3.2800000000000002,1.039,-,0.124208388341658,-,-,49.2,-,-,-,2.10392902408111,6.64,4734,315.6,06/03/2026,-,-,05/01/2026
Portfolio Management IRA - 7854,AON PLC CL A,Morgan Stanley,Stocks / Options,No,AON,G0403H108,322.24,06/04/2026,111,35768.64,2.10392902408111,737.04,35219.75,35219.75,1.55847216405567,548.89,-,-,3.2800000000000002,1.039,-,0.91914207372827,-,-,364.08,-,-,-,2.10392902408111,6.64,35031.6,315.6,06/03/2026,-,-,05/01/2026
Portfolio Management IRA - 7852,AON PLC CL A,Morgan Stanley,Stocks / Options,No,AON,G0403H108,322.24,06/04/2026,2,644.48,2.10392902408111,13.28,634.59,634.59,1.55848658188751,9.89,-,-,3.2800000000000002,1.039,-,0.0165611184455544,-,-,6.5600000000000005,-,-,-,2.10392902408111,6.64,631.2,315.6,06/03/2026,-,-,05/01/2026
Portfolio Management - 0827,AON PLC CL A,Morgan Stanley,Stocks / Options,No,AON,G0403H108,322.24,06/04/2026,17,5478.08,2.10392902408111,112.88,5394.02,5394.02,1.5583924420005801,84.06,-,-,3.2800000000000002,1.039,-,0.140769506787212,-,-,55.76,-,-,-,2.10392902408111,6.64,5365.2,315.6,06/03/2026,-,-,05/01/2026
Portfolio Management IRA - 7350,APPLE INC,Morgan Stanley,Stocks / Options,No,AAPL,037833100,311.23,06/04/2026,33,10270.59,0.312641010765164,32.01,2155.25,2155.25,376.538220624057,8115.34,-,-,1.08,0.348,-,0.263922010761741,-,-,35.64,-,-,-,0.312641010765164,0.97,10238.58,310.26,06/03/2026,-,-,05/11/2026
Portfolio Management IRA - 7854,APPLE INC,Morgan Stanley,Stocks / Options,No,AAPL,037833100,311.23,06/04/2026,271,84343.33,0.312641010765164,262.87,30351.2,30351.2,177.891253064129,53992.13,-,-,1.08,0.348,-,2.16735954292217,-,-,292.68,-,-,-,0.312641010765164,0.97,84080.46,310.26,06/03/2026,-,-,05/11/2026
Portfolio Management IRA - 7852,APPLE INC,Morgan Stanley,Stocks / Options,No,AAPL,037833100,311.23,06/04/2026,5,1556.15,0.312641010765164,4.85,1071.21,1071.21,45.2703018082355,484.94,-,-,1.08,0.348,-,0.0399881834487486,-,-,5.4,-,-,-,0.312641010765164,0.97,1551.3,310.26,06/03/2026,-,-,05/11/2026
Portfolio Management - 0827,APPLE INC,Morgan Stanley,Stocks / Options,No,AAPL,037833100,311.23,06/04/2026,126,39214.98,0.312641010765164,122.22,4032.45,4032.45,872.485213703827,35182.53,-,-,1.08,0.348,-,1.00770222290846,-,-,136.08,-,-,-,0.312641010765164,0.97,39092.76,310.26,06/03/2026,-,-,05/11/2026
Portfolio Management IRA - 7350,ARGENX SE ADR,Morgan Stanley,Stocks / Options,No,ARGX,04016X101,842.27,06/04/2026,6,5053.62,3.58240893327102,174.78,3498.66,3498.66,44.4444444444444,1554.96,-,-,0,-,-,0.1298622135657,-,-,-,-,-,-,3.58240893327102,29.13,4878.84,813.14,06/03/2026,-,-,-
Portfolio Management IRA - 7854,ARGENX SE ADR,Morgan Stanley,Stocks / Options,No,ARGX,04016X101,842.27,06/04/2026,38,32006.26,3.58240893327102,1106.94,22158.18,22158.18,44.4444444444444,9848.08,-,-,0,-,-,0.822460685916104,-,-,-,-,-,-,3.58240893327102,29.13,30899.32,813.14,06/03/2026,-,-,-
Portfolio Management - 0827,ARGENX SE ADR,Morgan Stanley,Stocks / Options,No,ARGX,04016X101,842.27,06/04/2026,23,19372.21,3.58240893327102,669.99,13411.53,13411.53,44.4444444444444,5960.68,-,-,0,-,-,0.497805152001852,-,-,-,-,-,-,3.58240893327102,29.13,18702.22,813.14,06/03/2026,-,-,-
Portfolio Management IRA - 7350,ASML HOLDING NV NY REG NEW,Morgan Stanley,Stocks / Options,No,ASML,N07059210,1757.47,06/04/2026,6,10544.82,1.80205750828332,186.66,5443.4,5443.4,93.7175294852481,5101.42,-,-,7.468,0.432,-,0.270968863280553,-,-,44.81,-,-,-,1.80205750828332,31.11,10358.16,1726.36,06/03/2026,-,-,04/27/2026
Portfolio Management IRA - 7854,ASML HOLDING NV NY REG NEW,Morgan Stanley,Stocks / Options,No,ASML,N07059210,1757.47,06/04/2026,34,59753.98,1.80205750828332,1057.74,28191.63,28191.63,111.956456579488,31562.35,-,-,7.468,0.432,-,1.5354902252564702,-,-,253.91,-,-,-,1.80205750828332,31.11,58696.24,1726.36,06/03/2026,-,-,04/27/2026
Portfolio Management IRA - 7852,ASML HOLDING NV NY REG NEW,Morgan Stanley,Stocks / Options,No,ASML,N07059210,1757.47,06/04/2026,1,1757.47,1.80205750828332,31.11,830.71,830.71,111.562398430258,926.76,-,-,7.468,0.432,-,0.0451614772134256,-,-,7.47,-,-,-,1.80205750828332,31.11,1726.36,1726.36,06/03/2026,-,-,04/27/2026
Portfolio Management - 0827,ASML HOLDING NV NY REG NEW,Morgan Stanley,Stocks / Options,No,ASML,N07059210,1757.47,06/04/2026,12,21089.64,1.80205750828332,373.32,8690.4,8690.4,142.677437172051,12399.24,-,-,7.468,0.432,-,0.541937726561107,-,-,89.62,-,-,-,1.80205750828332,31.11,20716.32,1726.36,06/03/2026,-,-,04/27/2026
Portfolio Management IRA - 7350,BANK DEPOSIT PROGRAM | MORGAN STANLEY BANK N.A.,Morgan Stanley,"Cash, MMF and BDP",No,MSBNK,061870903,-,-,-,103.84,-,-,-,-,-,-,-,-,-,-,-,0.0026683629273001,-,-,0.01,-,-,-,-,-,103.84,-,06/03/2026,-,-,-
Portfolio Management IRA - 7854,BANK DEPOSIT PROGRAM | MORGAN STANLEY BANK N.A.,Morgan Stanley,"Cash, MMF and BDP",No,MSBNK,061870903,-,-,-,1416.85,-,-,-,-,-,-,-,-,-,-,-,0.036408609529518,-,-,0.14,-,-,-,-,-,1416.85,-,06/03/2026,-,-,-
Portfolio Management IRA - 7852,BANK DEPOSIT PROGRAM | MORGAN STANLEY BANK N.A.,Morgan Stanley,"Cash, MMF and BDP",No,MSBNK,061870903,-,-,-,144.63,-,-,-,-,-,-,-,-,-,-,-,0.00371653823358449,-,-,0.01,-,-,-,-,-,144.63,-,06/03/2026,-,-,-
AAA - 0837,BANK DEPOSIT PROGRAM | MORGAN STANLEY PRIVATE BANK NA,Morgan Stanley,"Cash, MMF and BDP",No,MSPBNA,061871976,-,-,-,2500.62,-,-,-,-,-,-,-,-,-,-,-,0.0642581057710438,-,-,0.25,-,-,-,-,-,2500.62,-,06/03/2026,-,-,-
Portfolio Management - 0827,BANK DEPOSIT PROGRAM | MORGAN STANLEY PRIVATE BANK NA,Morgan Stanley,"Cash, MMF and BDP",No,MSPBNA,061871976,-,-,-,11004.07,-,-,-,-,-,-,-,-,-,-,-,0.282770150591441,-,-,1.1,-,-,-,-,-,11004.07,-,06/03/2026,-,-,-
Portfolio Management IRA - 7350,BLACKROCK INC,Morgan Stanley,Stocks / Options,No,BLK,09290D101,1022.56,06/04/2026,3,3067.68,3.19819956200107,95.07,2394.68,2394.68,28.1039637863931,673,-,-,22.92,2.313,-,0.0788297725810861,-,-,68.76,-,-,-,3.19819956200107,31.69,2972.61,990.87,06/03/2026,-,-,06/05/2026
Portfolio Management IRA - 7854,BLACKROCK INC,Morgan Stanley,Stocks / Options,No,BLK,09290D101,1022.56,06/04/2026,24,24541.44,3.19819956200107,760.56,19157.41,19157.41,28.1041643938298,5384.03,-,-,22.92,2.313,-,0.630638180648689,-,-,550.08,-,-,-,3.19819956200107,31.69,23780.88,990.87,06/03/2026,-,-,06/05/2026
Portfolio Management IRA - 7852,BLACKROCK INC,Morgan Stanley,Stocks / Options,No,BLK,09290D101,1022.56,06/04/2026,1,1022.56,3.19819956200107,31.69,798.29,798.29,28.0938004985656,224.27,-,-,22.92,2.313,-,0.026276590860362,-,-,22.92,-,-,-,3.19819956200107,31.69,990.87,990.87,06/03/2026,-,-,06/05/2026
Portfolio Management - 0827,BLACKROCK INC,Morgan Stanley,Stocks / Options,No,BLK,09290D101,1022.56,06/04/2026,15,15338.4,3.19819956200107,475.35,11973.38,11973.38,28.1041777676813,3365.02,-,-,22.92,2.313,-,0.39414886290543,-,-,343.8,-,-,-,3.19819956200107,31.69,14863.05,990.87,06/03/2026,-,-,06/05/2026
Portfolio Management IRA - 7350,BOSTON SCIENTIFIC CORP,Morgan Stanley,Stocks / Options,No,BSX,101137107,48.85,06/04/2026,58,2833.3,2.43237576011742,67.28,4313.46,4313.46,-34.3149119268522,-1480.16,-,-,0,-,-,0.0728069403112421,-,-,-,-,-,-,2.43237576011742,1.16,2766.02,47.69,06/03/2026,-,-,-
Portfolio Management IRA - 7854,BOSTON SCIENTIFIC CORP,Morgan Stanley,Stocks / Options,No,BSX,101137107,48.85,06/04/2026,403,19686.55,2.43237576011742,467.48,29971.11,29971.11,-34.3149119268522,-10284.56,-,-,0,-,-,0.5058827059557,-,-,-,-,-,-,2.43237576011742,1.16,19219.07,47.69,06/03/2026,-,-,-
Portfolio Management IRA - 7852,BOSTON SCIENTIFIC CORP,Morgan Stanley,Stocks / Options,No,BSX,101137107,48.85,06/04/2026,6,293.1,2.43237576011742,6.96,446.22,446.22,-34.3149119268522,-153.12,-,-,0,-,-,0.00753175244599057,-,-,-,-,-,-,2.43237576011742,1.16,286.14,47.69,06/03/2026,-,-,-
Portfolio Management - 0827,BOSTON SCIENTIFIC CORP,Morgan Stanley,Stocks / Options,No,BSX,101137107,48.85,06/04/2026,70,3419.5,2.43237576011742,81.2,5205.9,5205.9,-34.3149119268522,-1786.4,-,-,0,-,-,0.0878704452032233,-,-,-,-,-,-,2.43237576011742,1.16,3338.3,47.69,06/03/2026,-,-,-
Portfolio Management IRA - 7350,CALAMOS MARKET NEUTRAL INC I,Morgan Stanley,Mutual Funds,No,CMNIX,128119880,16.13,06/04/2026,756.811,12207.36,-,-,10003.74,10003.74,22.0279615423831,2203.62,-,-,0.275,1.704,-,0.313690936673788,-,-,208.12,-,41.1777767497802,3560.56,-,-,12207.36,16.13,06/03/2026,-,8646.8,03/16/2026
Portfolio Management IRA - 7854,CALAMOS MARKET NEUTRAL INC I,Morgan Stanley,Mutual Funds,No,CMNIX,128119880,16.13,06/04/2026,4914.344,79268.37,-,-,64817.64,64817.64,22.2944402172001,14450.73,-,-,0.275,1.704,-,2.03694895816167,-,-,1351.44,-,41.6957723668793,23325.72,-,-,79268.37,16.13,06/03/2026,-,55942.65,03/16/2026
Portfolio Management - 0827,CALAMOS MARKET NEUTRAL INC I,Morgan Stanley,Mutual Funds,No,CMNIX,128119880,16.13,06/04/2026,2872.492,46333.3,-,-,37855.76,37855.76,22.3943199132707,8477.54,-,-,0.275,1.704,-,1.1906207628994,-,-,789.94,-,26.3944891235645,9675.61,-,-,46333.3,16.13,06/03/2026,-,36657.69,03/16/2026
Portfolio Management IRA - 7350,Cash,Morgan Stanley,"Cash, MMF and BDP",No,-,-,-,-,-,-21.26,-100,-21.26,-,-,-,-,-,-,-,-,-,-0.000546315445246535,-,-,-,-,-,-,-,-,-,-,-,-,-,-
Portfolio Management IRA - 7854,Cash,Morgan Stanley,"Cash, MMF and BDP",No,-,-,-,-,-,-244.11,-100,-244.11,-,-,-,-,-,-,-,-,-,-0.00627286280993093,-,-,-,-,-,-,-,-,-,-,-,-,-,-
ADV PLUS BANKING - 6966,Cash,Bank of America,"Cash, MMF and BDP",No,-,-,1,-,-,7022.69,-5.9212103918581995,-442,-,-,-,-,-,-,-,-,-,0.180461148362106,-,-,-,-,-,-,-,-,7464.69,1,06/03/2026,-,-,-
Regular Savings - 2603,Cash,Bank of America,"Cash, MMF and BDP",No,-,-,1,-,-,5439.52,0.0400931337749708,2.18,-,-,-,-,-,-,-,-,-,0.139778635499879,-,-,-,-,-,-,-,-,5437.34,1,06/03/2026,-,-,-
Advantage Savings - 1338,Cash,Bank of America,"Cash, MMF and BDP",No,-,-,1,-,-,527.03,-,-,-,-,-,-,-,-,-,-,-,0.0135430211245663,-,-,-,-,-,-,-,-,527.03,1,06/03/2026,-,-,-
Portfolio Management IRA - 7350,CHEVRON CORP,Morgan Stanley,Stocks / Options,No,CVX,166764100,188.35,06/04/2026,13,2448.55,-0.716883664540614,-17.68,1437.26,1437.26,70.3623561498963,1011.29,-,-,7.12,3.753,-,0.062920069776971,-,-,92.56,-,-,-,-0.716883664540614,-1.3599999999999999,2466.23,189.71,06/03/2026,-,-,05/19/2026
Portfolio Management IRA - 7854,CHEVRON CORP,Morgan Stanley,Stocks / Options,No,CVX,166764100,188.35,06/04/2026,83,15633.05,-0.716883664540614,-112.88,10004.69,10004.69,56.2572153659933,5628.36,-,-,7.12,3.753,-,0.401720445499122,-,-,590.96,-,-,-,-0.716883664540614,-1.3599999999999999,15745.93,189.71,06/03/2026,-,-,05/19/2026
Portfolio Management - 0827,CHEVRON CORP,Morgan Stanley,Stocks / Options,No,CVX,166764100,188.35,06/04/2026,44,8287.4,-0.716883664540614,-59.84,4177.36,4177.36,98.3884558668632,4110.04,-,-,7.12,3.753,-,0.212960236168209,-,-,313.28,-,-,-,-0.716883664540614,-1.3599999999999999,8347.24,189.71,06/03/2026,-,-,05/19/2026
Portfolio Management IRA - 7854,COCA COLA CO,Morgan Stanley,Stocks / Options,No,KO,191216100,76.82,06/04/2026,309,23737.38,-2.46317927882173,-599.46,21251.48,21251.48,11.6975382420424,2485.9,-,-,2.12,2.691,-,0.609976355770752,-,-,655.08,-,-,-,-2.46317927882173,-1.94,24336.84,78.76,06/03/2026,-,-,06/15/2026
Portfolio Management IRA - 7852,COCA COLA CO,Morgan Stanley,Stocks / Options,No,KO,191216100,76.82,06/04/2026,8,614.56,-2.46317927882173,-15.52,550.56,550.56,11.62452775356,64,-,-,2.12,2.691,-,0.0157922681105696,-,-,16.96,-,-,-,-2.46317927882173,-1.94,630.08,78.76,06/03/2026,-,-,06/15/2026
Portfolio Management - 0827,COCA COLA CO,Morgan Stanley,Stocks / Options,No,KO,191216100,76.82,06/04/2026,143,10985.26,-2.46317927882173,-277.42,8572.83,8572.83,28.1404157086982,2412.43,-,-,2.12,2.691,-,0.282286792476432,-,-,303.16,-,-,-,-2.46317927882173,-1.94,11262.68,78.76,06/03/2026,-,-,06/15/2026
Portfolio Management IRA - 7350,COSTCO WHOLESALE CORP NEW,Morgan Stanley,Stocks / Options,No,COST,22160K105,972.35,06/04/2026,3,2917.05,1.09374837549255,31.56,2722.14,2722.14,7.16017545019727,194.91,-,-,5.88,0.611,-,0.0749590531305929,-,-,17.64,-,-,-,1.09374837549255,10.52,2885.49,961.83,06/03/2026,-,-,05/01/2026
Portfolio Management IRA - 7854,COSTCO WHOLESALE CORP NEW,Morgan Stanley,Stocks / Options,No,COST,22160K105,972.35,06/04/2026,29,28198.15,1.09374837549255,305.08,26314.02,26314.02,7.16017545019727,1884.13,-,-,5.88,0.611,-,0.724604180262398,-,-,170.52,-,-,-,1.09374837549255,10.52,27893.07,961.83,06/03/2026,-,-,05/01/2026
Portfolio Management - 0827,COSTCO WHOLESALE CORP NEW,Morgan Stanley,Stocks / Options,No,COST,22160K105,972.35,06/04/2026,14,13612.9,1.09374837549255,147.28,12703.32,12703.32,7.16017545019727,909.58,-,-,5.88,0.611,-,0.349808914609433,-,-,82.32,-,-,-,1.09374837549255,10.52,13465.62,961.83,06/03/2026,-,-,05/01/2026
INDIVIDUAL - TOD - 2070,DENTSPLY SIRONA INC,Fidelity Investments,Stocks / Options,No,XRAY,24906P109,9.88,06/04/2026,8,79.04,2.48962655601659,1.92,480,480,-83.5333333333333,-400.96,-,-,0,-,-,0.00203108056407743,-,-,-,-,-,-,2.48962655601659,0.24,77.12,9.64,06/03/2026,-,-,02/26/2026
Portfolio Management IRA - 7350,EATON CORP PLC SHS,Morgan Stanley,Stocks / Options,No,ETN,G29183103,418.61,06/04/2026,7,2930.27,-0.617269295600769,-18.2,1212.16,1212.16,141.739539334741,1718.11,-,-,4.4,1.044,-,0.0752987657451818,-,-,30.8,-,-,-,-0.617269295600769,-2.6,2948.47,421.21,06/03/2026,-,-,05/08/2026
Portfolio Management IRA - 7854,EATON CORP PLC SHS,Morgan Stanley,Stocks / Options,No,ETN,G29183103,418.61,06/04/2026,45,18837.45,-0.617269295600769,-117,7792.42,7792.42,141.740691595165,11045.03,-,-,4.4,1.044,-,0.484063494076168,-,-,198,-,-,-,-0.617269295600769,-2.6,18954.45,421.21,06/03/2026,-,-,05/08/2026
Portfolio Management IRA - 7852,EATON CORP PLC SHS,Morgan Stanley,Stocks / Options,No,ETN,G29183103,418.61,06/04/2026,1,418.61,-0.617269295600769,-2.6,388.43,388.43,7.76973972144273,30.18,-,-,4.4,1.044,-,0.0107569665350259,-,-,4.4,-,-,-,-0.617269295600769,-2.6,421.21,421.21,06/03/2026,-,-,05/08/2026
Portfolio Management - 0827,EATON CORP PLC SHS,Morgan Stanley,Stocks / Options,No,ETN,G29183103,418.61,06/04/2026,40,16744.4,-0.617269295600769,-104,6926.6,6926.6,141.740536482545,9817.8,-,-,4.4,1.044,-,0.430278661401039,-,-,176,-,-,-,-0.617269295600769,-2.6,16848.4,421.21,06/03/2026,-,-,05/08/2026
Portfolio Management IRA - 7350,EXXON MOBIL CORP,Morgan Stanley,Stocks / Options,No,XOM,30231G102,152.04,06/04/2026,26,3953.04,-0.321248279027076,-12.74,2048.54,2048.54,92.9686508440157,1904.5,-,-,4.12,2.701,-,0.101580752948135,-,-,107.12,-,-,-,-0.321248279027076,-0.49,3965.78,152.53,06/03/2026,-,-,05/15/2026
Portfolio Management IRA - 7854,EXXON MOBIL CORP,Morgan Stanley,Stocks / Options,No,XOM,30231G102,152.04,06/04/2026,238,36185.52,-0.321248279027076,-116.62,20121.63,20121.63,79.8339398945314,16063.89,-,-,4.12,2.701,-,0.929854584679087,-,-,980.56,-,-,-,-0.321248279027076,-0.49,36302.14,152.53,06/03/2026,-,-,05/15/2026
Portfolio Management IRA - 7852,EXXON MOBIL CORP,Morgan Stanley,Stocks / Options,No,XOM,30231G102,152.04,06/04/2026,5,760.2,-0.321248279027076,-2.45,550.64,550.64,38.057533052448,209.56,-,-,4.12,2.701,-,0.0195347601823337,-,-,20.6,-,-,-,-0.321248279027076,-0.49,762.65,152.53,06/03/2026,-,-,05/15/2026
Portfolio Management - 0827,EXXON MOBIL CORP,Morgan Stanley,Stocks / Options,No,XOM,30231G102,152.04,06/04/2026,137,20829.48,-0.321248279027076,-67.13,6977.36,6977.36,198.529529793503,13852.12,-,-,4.12,2.701,-,0.535252428995945,-,-,564.44,-,-,-,-0.321248279027076,-0.49,20896.61,152.53,06/03/2026,-,-,05/15/2026
INDIVIDUAL - TOD - 2070,FIDELITY GOVT MMKT,Fidelity Investments,Mutual Funds,No,SPAXX,31617H102,1,06/03/2026,118.89,118.89,-,-,-,-,-,-,-,-,0.0332,3.32,-,0.00305510081304612,-,-,-,-,-,-,-,-,118.89,1,06/03/2026,-,-,-
Portfolio Management IRA - 7350,GUGGENHEIM TOTAL RETURN BD I,Morgan Stanley,Mutual Funds,No,GIBIX,40168W525,23.72,06/03/2026,319.765,7584.83,-,-,8437.32,8437.32,-10.1038007329341,-852.49,-,-,1.211,5.105,-,0.194906386574284,-,-,387.24,-,46.996817743117,2424.97,-,-,7584.83,23.72,06/03/2026,-,5159.86,05/31/2026
Portfolio Management IRA - 7854,GUGGENHEIM TOTAL RETURN BD I,Morgan Stanley,Mutual Funds,No,GIBIX,40168W525,23.72,06/03/2026,4168.16,98868.76,-,-,104960.61,104960.61,-5.80393921110024,-6091.85,-,-,1.211,5.105,-,2.54061762184256,-,-,5047.64,-,12.6966245643879,11138.75,-,-,98868.76,23.72,06/03/2026,-,87730.01,05/31/2026
Portfolio Management - 0827,GUGGENHEIM TOTAL RETURN BD I,Morgan Stanley,Mutual Funds,No,GIBIX,40168W525,23.72,06/03/2026,1612.609,38251.09,-,-,38731.94,38731.94,-1.24148183643783,-480.85,-,-,1.211,5.105,-,0.982933267380775,-,-,1952.87,-,35.3132367949541,9982.54,-,-,38251.09,23.72,06/03/2026,-,28268.55,05/31/2026
Portfolio Management IRA - 7350,"HUBSPOT, INC.",Morgan Stanley,Stocks / Options,No,HUBS,443573100,220.37,06/04/2026,12,2644.44,-0.935041582378062,-24.96,5761.16,5761.16,-54.0988273194981,-3116.72,-,-,0,-,-,0.0679538295403456,-,-,-,-,-,-,-0.935041582378062,-2.08,2669.4,222.45,06/03/2026,-,-,-
Portfolio Management IRA - 7854,"HUBSPOT, INC.",Morgan Stanley,Stocks / Options,No,HUBS,443573100,220.37,06/04/2026,69,15205.53,-0.935041582378062,-143.52,33126.69,33126.69,-54.0988550319998,-17921.16,-,-,0,-,-,0.390734519856987,-,-,-,-,-,-,-0.935041582378062,-2.08,15349.05,222.45,06/03/2026,-,-,-
Portfolio Management IRA - 7852,"HUBSPOT, INC.",Morgan Stanley,Stocks / Options,No,HUBS,443573100,220.37,06/04/2026,1,220.37,-0.935041582378062,-2.08,558.74,558.74,-60.5594731001897,-338.37,-,-,0,-,-,0.00566281912836213,-,-,-,-,-,-,-0.935041582378062,-2.08,222.45,222.45,06/03/2026,-,-,-
Portfolio Management IRA - 7350,HUMANA INC,Morgan Stanley,Stocks / Options,No,HUM,444859102,349.8,06/04/2026,6,2098.8,6.79611650485436,133.56,2655.76,2655.76,-20.9717745579419,-556.96,-,-,3.54,1.08,-,0.0539325896746673,-,-,21.24,-,-,-,6.79611650485436,22.26,1965.24,327.54,06/03/2026,-,-,06/26/2026
Portfolio Management IRA - 7854,INVESCO OPTIMUM YIELD DIVERSIF,Morgan Stanley,ETFs / CEFs,No,PDBC,46090F100,17.85,06/04/2026,3240,57834,-1.10803324099723,-648,42629.33,42629.33,35.6671568612502,15204.67,-,-,0.509,2.819,-,1.48615274978307,-,-,1649.16,-,-,-,-1.10803324099723,-0.2,58482,18.05,06/03/2026,-,-,12/22/2025
Portfolio Management IRA - 7350,ISHARES CORE S&P SMALL CAP E,Morgan Stanley,ETFs / CEFs,No,IJR,464287804,140.26,06/04/2026,43,6031.18,1.30733116648609,77.83,5261.48,5261.48,14.6289637136319,769.7,-,-,1.5979999999999999,1.154,-,0.154982445299247,-,-,68.71,-,-,-,1.30733116648609,1.81,5953.35,138.45,06/03/2026,-,-,03/17/2026
Portfolio Management IRA - 7854,ISHARES CORE S&P SMALL CAP E,Morgan Stanley,ETFs / CEFs,No,IJR,464287804,140.26,06/04/2026,405,56805.3,1.30733116648609,733.05,49555.8,49555.8,14.6289637136319,7249.5,-,-,1.5979999999999999,1.154,-,1.45971838014407,-,-,647.19,-,-,-,1.30733116648609,1.81,56072.25,138.45,06/03/2026,-,-,03/17/2026
Portfolio Management IRA - 7852,ISHARES CORE S&P SMALL CAP E,Morgan Stanley,ETFs / CEFs,No,IJR,464287804,140.26,06/04/2026,8,1122.08,1.30733116648609,14.48,978.88,978.88,14.6289637136319,143.2,-,-,1.5979999999999999,1.154,-,0.0288339433114878,-,-,12.78,-,-,-,1.30733116648609,1.81,1107.6,138.45,06/03/2026,-,-,03/17/2026
Portfolio Management IRA - 7350,ISHARES INC MSCI JAPAN ETF,Morgan Stanley,ETFs / CEFs,No,EWJ,46434G822,94.13,06/04/2026,135,12707.55,0.202256759633808,25.65,7892.9,7892.9,60.9997592773251,4814.65,-,-,3.496,3.721,-,0.326544253821383,-,-,471.96,-,-,-,0.202256759633808,0.19,12681.9,93.94,06/03/2026,-,-,12/16/2025
Portfolio Management IRA - 7854,ISHARES INC MSCI JAPAN ETF,Morgan Stanley,ETFs / CEFs,No,EWJ,46434G822,94.13,06/04/2026,879,82740.27,0.202256759633808,167.01,47719.19,47719.19,73.3899297117155,35021.08,-,-,3.496,3.721,-,2.12616591932589,-,-,3072.98,-,-,-,0.202256759633808,0.19,82573.26,93.94,06/03/2026,-,-,12/16/2025
Portfolio Management IRA - 7852,ISHARES INC MSCI JAPAN ETF,Morgan Stanley,ETFs / CEFs,No,EWJ,46434G822,94.13,06/04/2026,21,1976.73,0.202256759633808,3.99,1183.55,1183.55,67.017025051751,793.18,-,-,3.496,3.721,-,0.0507957728166596,-,-,73.42,-,-,-,0.202256759633808,0.19,1972.74,93.94,06/03/2026,-,-,12/16/2025
Portfolio Management - 0827,ISHARES INC MSCI JAPAN ETF,Morgan Stanley,ETFs / CEFs,No,EWJ,46434G822,94.13,06/04/2026,569,53559.97,0.202256759633808,108.11,29739.67,29739.67,80.0960467954082,23820.3,-,-,3.496,3.721,-,1.37632355869901,-,-,1989.22,-,-,-,0.202256759633808,0.19,53451.86,93.94,06/03/2026,-,-,12/16/2025
Portfolio Management IRA - 7350,ISHARES MSCI EMU ETF,Morgan Stanley,ETFs / CEFs,No,EZU,464286608,69.31,06/04/2026,225,15594.75,1.10867979576951,171,9747.93,9747.93,59.9801188560032,5846.82,-,-,1.8279999999999998,2.666,-,0.400736255397855,-,-,411.3,-,-,-,1.10867979576951,0.76,15423.75,68.55,06/03/2026,-,-,12/16/2025
Portfolio Management IRA - 7854,ISHARES MSCI EMU ETF,Morgan Stanley,ETFs / CEFs,No,EZU,464286608,69.31,06/04/2026,1480,102578.8,1.10867979576951,1124.8,56660.28,56660.28,81.0418162423482,45918.52,-,-,1.8279999999999998,2.666,-,2.63595403550589,-,-,2705.44,-,-,-,1.10867979576951,0.76,101454,68.55,06/03/2026,-,-,12/16/2025
Portfolio Management IRA - 7852,ISHARES MSCI EMU ETF,Morgan Stanley,ETFs / CEFs,No,EZU,464286608,69.31,06/04/2026,22,1524.82,1.10867979576951,16.72,932.45,932.45,63.5283393211432,592.37,-,-,1.8279999999999998,2.666,-,0.0391831005277903,-,-,40.22,-,-,-,1.10867979576951,0.76,1508.1,68.55,06/03/2026,-,-,12/16/2025
Portfolio Management - 0827,ISHARES MSCI EMU ETF,Morgan Stanley,ETFs / CEFs,No,EZU,464286608,69.31,06/04/2026,566,39229.46,1.10867979576951,430.16,20466.51,20466.51,91.6763532228992,18762.95,-,-,1.8279999999999998,2.666,-,1.0080743135786,-,-,1034.65,-,-,-,1.10867979576951,0.76,38799.3,68.55,06/03/2026,-,-,12/16/2025
Portfolio Management IRA - 7350,ISHARES MSCI INDIA ETF,Morgan Stanley,ETFs / CEFs,No,INDA,46429B598,48.02,06/04/2026,86,4129.72,1.39358108108108,56.76,4628.09,4628.09,-10.7683731301681,-498.37,-,-,0,-,-,0.106120875848707,-,-,-,-,-,-,1.39358108108108,0.66,4072.96,47.36,06/03/2026,-,-,12/16/2025
Portfolio Management IRA - 7854,ISHARES MSCI INDIA ETF,Morgan Stanley,ETFs / CEFs,No,INDA,46429B598,48.02,06/04/2026,811,38944.22,1.39358108108108,535.26,43369,43369,-10.202633217275,-4424.78,-,-,0,-,-,1.00074453852676,-,-,-,-,-,-,1.39358108108108,0.66,38408.96,47.36,06/03/2026,-,-,12/16/2025
Portfolio Management IRA - 7852,ISHARES MSCI INDIA ETF,Morgan Stanley,ETFs / CEFs,No,INDA,46429B598,48.02,06/04/2026,12,576.24,1.39358108108108,7.92,645.6,645.6,-10.7434944237918,-69.36,-,-,0,-,-,0.0148075640719126,-,-,-,-,-,-,1.39358108108108,0.66,568.32,47.36,06/03/2026,-,-,12/16/2025
Portfolio Management - 0827,ISHARES RUSSELL MID-CAP ETF,Morgan Stanley,ETFs / CEFs,No,IWR,464287499,108.51,06/04/2026,206,22353.06,0.518758684576192,115.36,13789.62,13789.62,62.100623512468,8563.44,-,-,1.241,1.149,-,0.574403665405574,-,-,255.65,-,-,-,0.518758684576192,0.56,22237.7,107.95,06/03/2026,-,-,03/17/2026
Portfolio Management IRA - 7350,ISHARES RUSSELL MIDCAP G ETF,Morgan Stanley,ETFs / CEFs,No,IWP,464287481,143.16,06/04/2026,33,4724.28,0.802703844528939,37.62,1644.86,1644.86,187.214717361963,3079.42,-,-,0.465,0.327,-,0.121399206569581,-,-,15.35,-,-,-,0.802703844528939,1.1400000000000001,4686.66,142.02,06/03/2026,-,-,03/17/2026
Portfolio Management IRA - 7854,ISHARES RUSSELL MIDCAP G ETF,Morgan Stanley,ETFs / CEFs,No,IWP,464287481,143.16,06/04/2026,300,42948,0.802703844528939,342,25945.9,25945.9,65.5290431243472,17002.1,-,-,0.465,0.327,-,1.10362915063255,-,-,139.5,-,-,-,0.802703844528939,1.1400000000000001,42606,142.02,06/03/2026,-,-,03/17/2026
Portfolio Management IRA - 7852,ISHARES RUSSELL MIDCAP G ETF,Morgan Stanley,ETFs / CEFs,No,IWP,464287481,143.16,06/04/2026,5,715.8,0.802703844528939,5.7,295.53,295.53,142.20891280073,420.27,-,-,0.465,0.327,-,0.0183938191772093,-,-,2.33,-,-,-,0.802703844528939,1.1400000000000001,710.1,142.02,06/03/2026,-,-,03/17/2026
Portfolio Management - 0827,ISHARES RUSSELL MIDCAP G ETF,Morgan Stanley,ETFs / CEFs,No,IWP,464287481,143.16,06/04/2026,136,19469.76,0.802703844528939,155.04,7133.83,7133.83,172.921558265335,12335.93,-,-,0.465,0.327,-,0.500311881620093,-,-,63.24,-,-,-,0.802703844528939,1.1400000000000001,19314.72,142.02,06/03/2026,-,-,03/17/2026
Portfolio Management IRA - 7350,ISHARES RUSSELL MIDCAP V ETF,Morgan Stanley,ETFs / CEFs,No,IWS,464287473,162.47,06/04/2026,55,8935.85,0.420297917052969,37.4,4690.15,4690.15,90.5237572359093,4245.7,-,-,2.163,1.336,-,0.229623371185618,-,-,118.97,-,-,-,0.420297917052969,0.68,8898.45,161.79,06/03/2026,-,-,03/17/2026
Portfolio Management IRA - 7854,ISHARES RUSSELL MIDCAP V ETF,Morgan Stanley,ETFs / CEFs,No,IWS,464287473,162.47,06/04/2026,412,66937.64,0.420297917052969,280.16,39140.4,39140.4,71.019304861473,27797.24,-,-,2.163,1.336,-,1.72008779869954,-,-,891.16,-,-,-,0.420297917052969,0.68,66657.48,161.79,06/03/2026,-,-,03/17/2026
Portfolio Management IRA - 7852,ISHARES RUSSELL MIDCAP V ETF,Morgan Stanley,ETFs / CEFs,No,IWS,464287473,162.47,06/04/2026,7,1137.29,0.420297917052969,4.76,524.81,524.81,116.70509327185,612.48,-,-,2.163,1.336,-,0.0292247926963514,-,-,15.14,-,-,-,0.420297917052969,0.68,1132.53,161.79,06/03/2026,-,-,03/17/2026
Portfolio Management - 0827,ISHARES RUSSELL MIDCAP V ETF,Morgan Stanley,ETFs / CEFs,No,IWS,464287473,162.47,06/04/2026,190,30869.3,0.420297917052969,129.2,15318.38,15318.38,101.518045641902,15550.92,-,-,2.163,1.336,-,0.793244373186682,-,-,410.97,-,-,-,0.420297917052969,0.68,30740.1,161.79,06/03/2026,-,-,03/17/2026
Portfolio Management IRA - 7350,KNIGHT-SWIFT TRANSN HLDGS CL A,Morgan Stanley,Stocks / Options,No,KNX,499049104,78.57,06/04/2026,33,2592.81,0.383288616328095,9.9,1899.48,1899.48,36.5010423905489,693.33,-,-,0.8,1.022,-,0.0666271001688461,-,-,26.4,-,-,-,0.383288616328095,0.3,2582.91,78.27,06/03/2026,-,-,06/08/2026
Portfolio Management IRA - 7854,KNIGHT-SWIFT TRANSN HLDGS CL A,Morgan Stanley,Stocks / Options,No,KNX,499049104,78.57,06/04/2026,507,39834.99,0.383288616328095,152.1,24544.55,24544.55,62.2966809332418,15290.44,-,-,0.8,1.022,-,1.02363453895772,-,-,405.6,-,-,-,0.383288616328095,0.3,39682.89,78.27,06/03/2026,-,-,06/08/2026
Portfolio Management IRA - 7852,KNIGHT-SWIFT TRANSN HLDGS CL A,Morgan Stanley,Stocks / Options,No,KNX,499049104,78.57,06/04/2026,6,471.42,0.383288616328095,1.8,265.95,265.95,77.2588832487309,205.47,-,-,0.8,1.022,-,0.0121140182125174,-,-,4.8,-,-,-,0.383288616328095,0.3,469.62,78.27,06/03/2026,-,-,06/08/2026
Portfolio Management IRA - 7350,LOUISIANA PACIFIC CORP,Morgan Stanley,Stocks / Options,No,LPX,546347105,71.29,06/04/2026,62,4419.98,-3.38799295297465,-155,4436.53,4436.53,-0.37303928971516,-16.55,-,-,1.2,1.626,-,0.113579649185361,-,-,74.4,-,-,-,-3.38799295297465,-2.5,4574.98,73.79,06/03/2026,-,-,05/14/2026
Portfolio Management IRA - 7854,LOUISIANA PACIFIC CORP,Morgan Stanley,Stocks / Options,No,LPX,546347105,71.29,06/04/2026,313,22313.77,-3.38799295297465,-782.5,22351.33,22351.33,-0.168043691359753,-37.56,-,-,1.2,1.626,-,0.573394035403517,-,-,375.6,-,-,-,-3.38799295297465,-2.5,23096.27,73.79,06/03/2026,-,-,05/14/2026
Portfolio Management IRA - 7350,LOWES COMPANIES INC,Morgan Stanley,Stocks / Options,No,LOW,548661107,207.53,06/04/2026,14,2905.42,-0.0577895497230917,-1.6800000000000002,3191.01,3191.01,-8.94983093127254,-285.59,-,-,5,2.407,-,0.0746601985384848,-,-,70,-,-,-,-0.0577895497230917,-0.12,2907.1,207.65,06/03/2026,-,-,07/22/2026
Portfolio Management IRA - 7854,LOWES COMPANIES INC,Morgan Stanley,Stocks / Options,No,LOW,548661107,207.53,06/04/2026,118,24488.54,-0.0577895497230917,-14.16,26977.49,26977.49,-9.22602510463353,-2488.95,-,-,5,2.407,-,0.629278816252944,-,-,590,-,-,-,-0.0577895497230917,-0.12,24502.7,207.65,06/03/2026,-,-,07/22/2026
Portfolio Management IRA - 7852,LOWES COMPANIES INC,Morgan Stanley,Stocks / Options,No,LOW,548661107,207.53,06/04/2026,2,415.06,-0.0577895497230917,-0.24,452.09,452.09,-8.19084695525227,-37.03,-,-,5,2.407,-,0.0106657426483549,-,-,10,-,-,-,-0.0577895497230917,-0.12,415.3,207.65,06/03/2026,-,-,07/22/2026
Portfolio Management - 0827,LOWES COMPANIES INC,Morgan Stanley,Stocks / Options,No,LOW,548661107,207.53,06/04/2026,44,9131.32,-0.0577895497230917,-5.28,8531.91,8531.91,7.02550777024136,599.41,-,-,5,2.407,-,0.234646338263809,-,-,220,-,-,-,-0.0577895497230917,-0.12,9136.6,207.65,06/03/2026,-,-,07/22/2026
Portfolio Management IRA - 7350,M&T BANK CORP,Morgan Stanley,Stocks / Options,No,MTB,55261F104,221.73,06/04/2026,35,7760.55,3.5976265009578,269.5,6391.91,6391.91,21.4120661899181,1368.64,-,-,6,2.803,-,0.19942184048015,-,-,210,-,-,-,3.5976265009578,7.7,7491.05,214.03,06/03/2026,-,-,06/01/2026
Portfolio Management IRA - 7854,M&T BANK CORP,Morgan Stanley,Stocks / Options,No,MTB,55261F104,221.73,06/04/2026,197,43680.81,3.5976265009578,1516.9,36132.53,36132.53,20.8905382490514,7548.28,-,-,6,2.803,-,1.1224600735597,-,-,1182,-,-,-,3.5976265009578,7.7,42163.91,214.03,06/03/2026,-,-,06/01/2026
Portfolio Management IRA - 7852,M&T BANK CORP,Morgan Stanley,Stocks / Options,No,MTB,55261F104,221.73,06/04/2026,3,665.19,3.5976265009578,23.1,551.67,551.67,20.5775191690684,113.52,-,-,6,2.803,-,0.0170933006125843,-,-,18,-,-,-,3.5976265009578,7.7,642.09,214.03,06/03/2026,-,-,06/01/2026
Portfolio Management - 0827,M&T BANK CORP,Morgan Stanley,Stocks / Options,No,MTB,55261F104,221.73,06/04/2026,56,12416.88,3.5976265009578,431.2,10331.22,10331.22,20.1879352099752,2085.66,-,-,6,2.803,-,0.31907494476824,-,-,336,-,-,-,3.5976265009578,7.7,11985.68,214.03,06/03/2026,-,-,06/01/2026
Portfolio Management IRA - 7350,MARTIN MARIETTA MATERIALS,Morgan Stanley,Stocks / Options,No,MLM,573284106,580.86,06/04/2026,7,4066.02,-0.392694846951899,-16.03,3476.31,3476.31,16.9636770023386,589.71,-,-,3.32,0.569,-,0.104483985262526,-,-,23.24,-,-,-,-0.392694846951899,-2.29,4082.05,583.15,06/03/2026,-,-,06/01/2026
Portfolio Management IRA - 7854,MARTIN MARIETTA MATERIALS,Morgan Stanley,Stocks / Options,No,MLM,573284106,580.86,06/04/2026,38,22072.68,-0.392694846951899,-87.02,18871.37,18871.37,16.9638452322221,3201.31,-,-,3.32,0.569,-,0.56719877713943,-,-,126.16,-,-,-,-0.392694846951899,-2.29,22159.7,583.15,06/03/2026,-,-,06/01/2026
Portfolio Management IRA - 7852,MARTIN MARIETTA MATERIALS,Morgan Stanley,Stocks / Options,No,MLM,573284106,580.86,06/04/2026,1,580.86,-0.392694846951899,-2.29,582.04,582.04,-0.202735207202254,-1.18,-,-,3.32,0.569,-,0.0149262836089323,-,-,3.32,-,-,-,-0.392694846951899,-2.29,583.15,583.15,06/03/2026,-,-,06/01/2026
Portfolio Management - 0827,MARTIN MARIETTA MATERIALS,Morgan Stanley,Stocks / Options,No,MLM,573284106,580.86,06/04/2026,17,9874.62,-0.392694846951899,-38.93,8442.46,8442.46,16.963775961035,1432.16,-,-,3.32,0.569,-,0.25374682135185,-,-,56.44,-,-,-,-0.392694846951899,-2.29,9913.55,583.15,06/03/2026,-,-,06/01/2026
Portfolio Management IRA - 7350,MASTERCARD INC CL A,Morgan Stanley,Stocks / Options,No,MA,57636Q104,481.76,06/04/2026,6,2890.56,2.16519987276004,61.26,1618.41,1618.41,78.6049270580384,1272.15,-,-,3.48,0.737,-,0.0742783430579409,-,-,20.88,-,-,-,2.16519987276004,10.21,2829.3,471.55,06/03/2026,-,-,04/09/2026
Portfolio Management IRA - 7854,MASTERCARD INC CL A,Morgan Stanley,Stocks / Options,No,MA,57636Q104,481.76,06/04/2026,48,23124.48,2.16519987276004,490.08,13659.98,13659.98,69.2863386329994,9464.5,-,-,3.48,0.737,-,0.594226744463527,-,-,167.04,-,-,-,2.16519987276004,10.21,22634.4,471.55,06/03/2026,-,-,04/09/2026
Portfolio Management IRA - 7852,MASTERCARD INC CL A,Morgan Stanley,Stocks / Options,No,MA,57636Q104,481.76,06/04/2026,1,481.76,2.16519987276004,10.21,566.53,566.53,-14.9630204931777,-84.77,-,-,3.48,0.737,-,0.0123797238429901,-,-,3.48,-,-,-,2.16519987276004,10.21,471.55,471.55,06/03/2026,-,-,04/09/2026
Portfolio Management - 0827,MASTERCARD INC CL A,Morgan Stanley,Stocks / Options,No,MA,57636Q104,481.76,06/04/2026,28,13489.28,2.16519987276004,285.88,6136.37,6136.37,119.825075736958,7352.91,-,-,3.48,0.737,-,0.346632267603724,-,-,97.44,-,-,-,2.16519987276004,10.21,13203.4,471.55,06/03/2026,-,-,04/09/2026
Portfolio Management IRA - 7350,MICROSOFT CORP,Morgan Stanley,Stocks / Options,No,MSFT,594918104,428.05,06/04/2026,32,13697.6,0.166144053914915,22.72,6881.81,6881.81,99.040659361418,6815.79,-,-,3.64,0.851,-,0.351985439454795,-,-,116.48,-,-,-,0.166144053914915,0.71,13674.88,427.34,06/03/2026,-,-,05/21/2026
Portfolio Management IRA - 7854,MICROSOFT CORP,Morgan Stanley,Stocks / Options,No,MSFT,594918104,428.05,06/04/2026,184,78761.2,0.166144053914915,130.64,37920.76,37920.76,107.699423745726,40840.44,-,-,3.64,0.851,-,2.02391627686507,-,-,669.76,-,-,-,0.166144053914915,0.71,78630.56,427.34,06/03/2026,-,-,05/21/2026
Portfolio Management IRA - 7852,MICROSOFT CORP,Morgan Stanley,Stocks / Options,No,MSFT,594918104,428.05,06/04/2026,2,856.1,0.166144053914915,1.42,1027.07,1027.07,-16.6463824276826,-170.97,-,-,3.64,0.851,-,0.0219990899659246,-,-,7.28,-,-,-,0.166144053914915,0.71,854.68,427.34,06/03/2026,-,-,05/21/2026
Portfolio Management - 0827,MICROSOFT CORP,Morgan Stanley,Stocks / Options,No,MSFT,594918104,428.05,06/04/2026,120,51366,0.166144053914915,85.2,13550.94,13550.94,279.058574534312,37815.06,-,-,3.64,0.851,-,1.31994539795548,-,-,436.8,-,-,-,0.166144053914915,0.71,51280.8,427.34,06/03/2026,-,-,05/21/2026
AAA - 0837,MSBNA PREFERRED SAVINGS- QC,Morgan Stanley,Savings & Time Deposits,No,99YA78EB0,99YA78EB0,1,06/03/2026,523.91,523.91,-,-,-,-,-,-,0.14,-,-,-,-,0.0134628468917738,-,-,17.55,-,-,-,-,-,523.91,1,06/03/2026,-,-,-
Portfolio Management IRA - 7350,NEXTERA ENERGY INC,Morgan Stanley,Stocks / Options,No,NEE,65339F101,85.68,06/04/2026,94,8053.92,1.30054386379758,103.4,6156.86,6156.86,30.8121347570027,1897.06,-,-,2.493,2.947,-,0.206960531080902,-,-,234.34,-,-,-,1.30054386379758,1.1,7950.52,84.58,06/03/2026,-,-,06/05/2026
Portfolio Management IRA - 7854,NEXTERA ENERGY INC,Morgan Stanley,Stocks / Options,No,NEE,65339F101,85.68,06/04/2026,595,50979.6,1.30054386379758,654.5,39264.43,39264.43,29.8365976533977,11715.17,-,-,2.493,2.947,-,1.31001612758656,-,-,1483.34,-,-,-,1.30054386379758,1.1,50325.1,84.58,06/03/2026,-,-,06/05/2026
Portfolio Management IRA - 7852,NEXTERA ENERGY INC,Morgan Stanley,Stocks / Options,No,NEE,65339F101,85.68,06/04/2026,9,771.12,1.30054386379758,9.9,651.78,651.78,18.3098591549295,119.34,-,-,2.493,2.947,-,0.0198153699971076,-,-,22.44,-,-,-,1.30054386379758,1.1,761.22,84.58,06/03/2026,-,-,06/05/2026
Portfolio Management - 0827,NEXTERA ENERGY INC,Morgan Stanley,Stocks / Options,No,NEE,65339F101,85.68,06/04/2026,176,15079.68,1.30054386379758,193.6,7866.49,7866.49,91.6951524758818,7213.19,-,-,2.493,2.947,-,0.387500568832327,-,-,438.77,-,-,-,1.30054386379758,1.1,14886.08,84.58,06/03/2026,-,-,06/05/2026
Portfolio Management IRA - 7350,NVIDIA CORPORATION,Morgan Stanley,Stocks / Options,No,NVDA,67066G104,218.66,06/04/2026,98,21428.68,1.82072176949941,383.18,1139.15,1139.15,1781.11135495764,20289.53,-,-,1,0.465,-,0.550649993191229,-,-,98,-,-,-,1.82072176949941,3.91,21045.5,214.75,06/03/2026,-,-,06/04/2026
Portfolio Management IRA - 7854,NVIDIA CORPORATION,Morgan Stanley,Stocks / Options,No,NVDA,67066G104,218.66,06/04/2026,613,134038.58,1.82072176949941,2396.83,7236.16,7236.16,1752.34406093839,126802.42,-,-,1,0.465,-,3.44437189618595,-,-,613,-,-,-,1.82072176949941,3.91,131641.75,214.75,06/03/2026,-,-,06/04/2026
Portfolio Management IRA - 7852,NVIDIA CORPORATION,Morgan Stanley,Stocks / Options,No,NVDA,67066G104,218.66,06/04/2026,3,655.98,1.82072176949941,11.73,521.57,521.57,25.7702705293632,134.41,-,-,1,0.465,-,0.0168566324446294,-,-,3,-,-,-,1.82072176949941,3.91,644.25,214.75,06/03/2026,-,-,06/04/2026
Portfolio Management - 0827,NVIDIA CORPORATION,Morgan Stanley,Stocks / Options,No,NVDA,67066G104,218.66,06/04/2026,434,94898.44,1.82072176949941,1696.94,1625.41,1625.41,5738.43091896813,93273.03,-,-,1,0.465,-,2.43859282698972,-,-,434,-,-,-,1.82072176949941,3.91,93201.5,214.75,06/03/2026,-,-,06/04/2026
Portfolio Management IRA - 7350,PALO ALTO NETWORKS INC,Morgan Stanley,Stocks / Options,No,PANW,697435105,279.25,06/04/2026,16,4468,-0.42078236993189,-18.88,2440.75,2440.75,83.0584861210693,2027.25,-,-,0,-,-,0.11481361285802,-,-,-,-,-,-,-0.42078236993189,-1.18,4486.88,280.43,06/03/2026,-,-,-
Portfolio Management IRA - 7854,PALO ALTO NETWORKS INC,Morgan Stanley,Stocks / Options,No,PANW,697435105,279.25,06/04/2026,186,51940.5,-0.42078236993189,-219.48,29550.8,29550.8,75.7668151116044,22389.7,-,-,0,-,-,1.33470824947449,-,-,-,-,-,-,-0.42078236993189,-1.18,52159.98,280.43,06/03/2026,-,-,-
Portfolio Management IRA - 7852,PALO ALTO NETWORKS INC,Morgan Stanley,Stocks / Options,No,PANW,697435105,279.25,06/04/2026,1,279.25,-0.42078236993189,-1.18,204.71,204.71,36.4124859557422,74.54,-,-,0,-,-,0.00717585080362629,-,-,-,-,-,-,-0.42078236993189,-1.18,280.43,280.43,06/03/2026,-,-,-
Portfolio Management - 0827,PALO ALTO NETWORKS INC,Morgan Stanley,Stocks / Options,No,PANW,697435105,279.25,06/04/2026,47,13124.75,-0.42078236993189,-55.46,7169.72,7169.72,83.0580552657565,5955.03,-,-,0,-,-,0.337264987770435,-,-,-,-,-,-,-0.42078236993189,-1.18,13180.21,280.43,06/03/2026,-,-,-
Portfolio Management IRA - 7350,PGIM TOTAL RETURN BOND Z,Morgan Stanley,Mutual Funds,No,PDBZX,74440B405,12,06/04/2026,305.795,3669.54,0.891641990481453,32.43,4218.35,4218.35,-13.0100631763604,-548.81,-,-,0.548,4.57,-,0.094295690449199,-,-,167.58,-,14.805510103838401,473.23,0.0834028356964136,0.01,3637.11,11.99,06/03/2026,-,3196.31,05/31/2026
Portfolio Management IRA - 7854,PGIM TOTAL RETURN BOND Z,Morgan Stanley,Mutual Funds,No,PDBZX,74440B405,12,06/04/2026,3695.202,44342.42,0.890261322004389,391.28,48432.18,48432.18,-8.44430294073073,-4089.76,-,-,0.548,4.57,-,1.13946137937953,-,-,2024.97,-,7.8768159732663,3237.74,0.0834028356964136,0.01,43951.14,11.99,06/03/2026,-,41104.68,05/31/2026
Portfolio Management - 0827,PNC FINL SVCS GP,Morgan Stanley,Stocks / Options,No,PNC,693475105,227.08,06/04/2026,91,20664.28,4.03628533467723,801.71,9767.02,9767.02,111.572004562292,10897.26,-,-,6.8,3.115,-,0.531007306157059,-,-,618.8,-,-,-,4.03628533467723,8.81,19862.57,218.27,06/03/2026,-,-,04/14/2026
Portfolio Management IRA - 7350,PROCTER & GAMBLE,Morgan Stanley,Stocks / Options,No,PG,742718109,140.78,06/04/2026,31,4364.18,0.420857407803694,18.29,4568.71,4568.71,-4.47675602084614,-204.53,-,-,4.354,3.105,-,0.11214576386811,-,-,134.97,-,-,-,0.420857407803694,0.59,4345.89,140.19,06/03/2026,-,-,04/24/2026
Portfolio Management IRA - 7854,PROCTER & GAMBLE,Morgan Stanley,Stocks / Options,No,PG,742718109,140.78,06/04/2026,141,19849.98,0.420857407803694,83.19,21097.4,21097.4,-5.91267170362224,-1247.42,-,-,4.354,3.105,-,0.510082345335598,-,-,613.91,-,-,-,0.420857407803694,0.59,19766.79,140.19,06/03/2026,-,-,04/24/2026
Portfolio Management IRA - 7852,PROCTER & GAMBLE,Morgan Stanley,Stocks / Options,No,PG,742718109,140.78,06/04/2026,3,422.34,0.420857407803694,1.77,471.34,471.34,-10.3958925616327,-49,-,-,4.354,3.105,-,0.0108528158582042,-,-,13.06,-,-,-,0.420857407803694,0.59,420.57,140.19,06/03/2026,-,-,04/24/2026
Portfolio Management IRA - 7350,REDDIT INC CL A,Morgan Stanley,Stocks / Options,No,RDDT,75734B100,183.91,06/04/2026,22,4046.02,8.50787657088913,317.24,3434.49,3434.49,17.8055548276454,611.53,-,-,0,-,-,0.103970047872831,-,-,-,-,-,-,8.50787657088913,14.42,3728.78,169.49,06/03/2026,-,-,-
Portfolio Management IRA - 7854,REDDIT INC CL A,Morgan Stanley,Stocks / Options,No,RDDT,75734B100,183.91,06/04/2026,136,25011.76,8.50787657088913,1961.12,19831.23,19831.23,26.123089692369,5180.53,-,-,0,-,-,0.642723932304773,-,-,-,-,-,-,8.50787657088913,14.42,23050.64,169.49,06/03/2026,-,-,-
Portfolio Management IRA - 7852,REDDIT INC CL A,Morgan Stanley,Stocks / Options,No,RDDT,75734B100,183.91,06/04/2026,3,551.73,8.50787657088913,43.26,456.24,456.24,20.9297738032614,95.49,-,-,0,-,-,0.0141777338008405,-,-,-,-,-,-,8.50787657088913,14.42,508.47,169.49,06/03/2026,-,-,-
Portfolio Management - 0827,REDDIT INC CL A,Morgan Stanley,Stocks / Options,No,RDDT,75734B100,183.91,06/04/2026,80,14712.8,8.50787657088913,1153.6,9184.6,9184.6,60.1898830651307,5528.2,-,-,0,-,-,0.378072901355749,-,-,-,-,-,-,8.50787657088913,14.42,13559.2,169.49,06/03/2026,-,-,-
Portfolio Management IRA - 7854,ROCKWELL AUTOMATION INC,Morgan Stanley,Stocks / Options,No,ROK,773903109,462.24,06/04/2026,61,28196.64,0.110454161522967,31.11,21225.52,21225.52,32.84310584617,6971.12,-,-,5.52,1.195,-,0.724565377989476,-,-,336.72,-,-,-,0.110454161522967,0.51,28165.53,461.73,06/03/2026,-,-,05/18/2026
Portfolio Management IRA - 7852,ROCKWELL AUTOMATION INC,Morgan Stanley,Stocks / Options,No,ROK,773903109,462.24,06/04/2026,1,462.24,0.110454161522967,0.51,356.3,356.3,29.7333707549817,105.94,-,-,5.52,1.195,-,0.0118781209506471,-,-,5.52,-,-,-,0.110454161522967,0.51,461.73,461.73,06/03/2026,-,-,05/18/2026
Portfolio Management - 0827,ROCKWELL AUTOMATION INC,Morgan Stanley,Stocks / Options,No,ROK,773903109,462.24,06/04/2026,29,13404.96,0.110454161522967,14.79,8653.02,8653.02,54.9165493665795,4751.94,-,-,5.52,1.195,-,0.344465507568767,-,-,160.08,-,-,-,0.110454161522967,0.51,13390.17,461.73,06/03/2026,-,-,05/18/2026
Portfolio Management IRA - 7350,SBA COMMUNICATNS CORP NEW CL A,Morgan Stanley,Stocks / Options,No,SBAC,78410G104,207.85,06/04/2026,9,1870.65,5.73303489673415,101.43,2209.46,2209.46,-15.3345161261122,-338.81,-,-,5,2.543,-,0.0480698489017136,-,-,45,-,-,-,5.73303489673415,11.27,1769.22,196.58,06/03/2026,-,-,05/22/2026
Portfolio Management IRA - 7854,SBA COMMUNICATNS CORP NEW CL A,Morgan Stanley,Stocks / Options,No,SBAC,78410G104,207.85,06/04/2026,101,20992.85,5.73303489673415,1138.27,24115.53,24115.53,-12.9488342159595,-3122.68,-,-,5,2.543,-,0.539450526563675,-,-,505,-,-,-,5.73303489673415,11.27,19854.58,196.58,06/03/2026,-,-,05/22/2026
Portfolio Management IRA - 7852,SBA COMMUNICATNS CORP NEW CL A,Morgan Stanley,Stocks / Options,No,SBAC,78410G104,207.85,06/04/2026,1,207.85,5.73303489673415,11.27,232.31,232.31,-10.5290344797899,-24.46,-,-,5,2.543,-,0.00534109432241262,-,-,5,-,-,-,5.73303489673415,11.27,196.58,196.58,06/03/2026,-,-,05/22/2026
Portfolio Management IRA - 7350,SCHNEIDER NATIONAL INC CL B,Morgan Stanley,Stocks / Options,No,SNDR,80689H102,37.1,06/04/2026,69,2559.9,1.5325670498084198,38.64,1626.73,1626.73,57.3647747321313,933.17,-,-,0.4,1.094,-,0.0657814161941018,-,-,27.6,-,-,-,1.5325670498084198,0.56,2521.26,36.54,06/03/2026,-,-,06/12/2026
Portfolio Management IRA - 7854,SCHNEIDER NATIONAL INC CL B,Morgan Stanley,Stocks / Options,No,SNDR,80689H102,37.1,06/04/2026,873,32388.3,1.5325670498084198,488.88,20910.7,20910.7,54.8886455259747,11477.6,-,-,0.4,1.094,-,0.832277917934071,-,-,349.2,-,-,-,1.5325670498084198,0.56,31899.42,36.54,06/03/2026,-,-,06/12/2026
Portfolio Management IRA - 7852,SCHNEIDER NATIONAL INC CL B,Morgan Stanley,Stocks / Options,No,SNDR,80689H102,37.1,06/04/2026,17,630.7,1.5325670498084198,9.52,436.22,436.22,44.5830085736555,194.48,-,-,0.4,1.094,-,0.016207015584054,-,-,6.8,-,-,-,1.5325670498084198,0.56,621.18,36.54,06/03/2026,-,-,06/12/2026
Portfolio Management IRA - 7350,SLB LIMITED,Morgan Stanley,Stocks / Options,No,SLB,806857108,58.01,06/04/2026,72,4176.72,2.04045734388742,83.52,3494.6,3494.6,19.5192582842099,682.12,-,-,1.18,2.075,-,0.107328628714492,-,-,84.96,-,-,-,2.04045734388742,1.16,4093.2,56.85,06/03/2026,-,-,06/03/2026
Portfolio Management IRA - 7854,SLB LIMITED,Morgan Stanley,Stocks / Options,No,SLB,806857108,58.01,06/04/2026,654,37938.54,2.04045734388742,758.64,27720.41,27720.41,36.8613956287082,10218.13,-,-,1.18,2.075,-,0.974901710823306,-,-,771.72,-,-,-,2.04045734388742,1.16,37179.9,56.85,06/03/2026,-,-,06/03/2026
Portfolio Management IRA - 7852,SLB LIMITED,Morgan Stanley,Stocks / Options,No,SLB,806857108,58.01,06/04/2026,12,696.12,2.04045734388742,13.92,556.07,556.07,25.1856780621144,140.05,-,-,1.18,2.075,-,0.0178881047857487,-,-,14.16,-,-,-,2.04045734388742,1.16,682.2,56.85,06/03/2026,-,-,06/03/2026
Portfolio Management IRA - 7350,STATE STREET DOUBLELINE TOTAL,Morgan Stanley,ETFs / CEFs,No,TOTL,78467V848,39.33,06/04/2026,51,2005.83,0.101807075591753,2.04,2536.65,2536.65,-20.9260244811069,-530.82,-,-,2.079,5.291,-,0.0515435517186668,-,-,106.03,-,-,-,0.101807075591753,0.04,2003.79,39.29,06/03/2026,-,-,06/01/2026
Portfolio Management IRA - 7854,STATE STREET DOUBLELINE TOTAL,Morgan Stanley,ETFs / CEFs,No,TOTL,78467V848,39.33,06/04/2026,690,27137.7,0.101807075591753,27.6,30050.66,30050.66,-9.6934975804192,-2912.96,-,-,2.079,5.291,-,0.697353935017258,-,-,1434.51,-,-,-,0.101807075591753,0.04,27110.1,39.29,06/03/2026,-,-,06/01/2026
Portfolio Management IRA - 7350,TARGET CORPORATION,Morgan Stanley,Stocks / Options,No,TGT,87612E106,123.85,06/04/2026,21,2600.85,-0.761217948717948,-19.95,2724.95,2724.95,-4.55421200388998,-124.1,-,-,4.5600000000000005,3.653,-,0.0668337029995038,-,-,95.76,-,-,-,-0.761217948717948,-0.95,2620.8,124.8,06/03/2026,-,-,05/13/2026
Portfolio Management IRA - 7854,TARGET CORPORATION,Morgan Stanley,Stocks / Options,No,TGT,87612E106,123.85,06/04/2026,213,26380.05,-0.761217948717948,-202.35,25806.3,25806.3,2.22329431185408,573.75,-,-,4.5600000000000005,3.653,-,0.67788470185211,-,-,971.28,-,-,-,-0.761217948717948,-0.95,26582.4,124.8,06/03/2026,-,-,05/13/2026
Portfolio Management IRA - 7852,TARGET CORPORATION,Morgan Stanley,Stocks / Options,No,TGT,87612E106,123.85,06/04/2026,5,619.25,-0.761217948717948,-4.75,527.75,527.75,17.3377546186641,91.5,-,-,4.5600000000000005,3.653,-,0.0159127864284532,-,-,22.8,-,-,-,-0.761217948717948,-0.95,624,124.8,06/03/2026,-,-,05/13/2026
Portfolio Management IRA - 7350,THE CIGNA GROUP,Morgan Stanley,Stocks / Options,No,CI,125523100,280.68,06/04/2026,9,2526.12,3.6752484024674,89.55,2524.97,2524.97,0.045545095585294,1.15,-,-,6.24,2.304,-,0.0649133759429058,-,-,56.16,-,-,-,3.6752484024674,9.95,2436.57,270.73,06/03/2026,-,-,06/04/2026
Portfolio Management IRA - 7854,THE CIGNA GROUP,Morgan Stanley,Stocks / Options,No,CI,125523100,280.68,06/04/2026,80,22454.4,3.6752484024674,796,22171.46,22171.46,1.27614509824792,282.94,-,-,6.24,2.304,-,0.577007786159162,-,-,499.2,-,-,-,3.6752484024674,9.95,21658.4,270.73,06/03/2026,-,-,06/04/2026
Portfolio Management IRA - 7852,THE CIGNA GROUP,Morgan Stanley,Stocks / Options,No,CI,125523100,280.68,06/04/2026,3,842.04,3.6752484024674,29.85,840.99,840.99,0.124852851995862,1.05,-,-,6.24,2.304,-,0.0216377919809686,-,-,18.72,-,-,-,3.6752484024674,9.95,812.19,270.73,06/03/2026,-,-,06/04/2026
Portfolio Management IRA - 7350,THERMO FISHER SCIENTIFIC,Morgan Stanley,Stocks / Options,No,TMO,883556102,482.03,06/04/2026,6,2892.18,1.70482118366916,48.48,2883.58,2883.58,0.298240381747688,8.6,-,-,1.88,0.396,-,0.0743199719865063,-,-,11.28,-,-,-,1.70482118366916,8.08,2843.7,473.95,06/03/2026,-,-,06/15/2026
Portfolio Management IRA - 7854,THERMO FISHER SCIENTIFIC,Morgan Stanley,Stocks / Options,No,TMO,883556102,482.03,06/04/2026,45,21691.35,1.70482118366916,363.6,21314.12,21314.12,1.76985960480657,377.23,-,-,1.88,0.396,-,0.557399789898797,-,-,84.6,-,-,-,1.70482118366916,8.08,21327.75,473.95,06/03/2026,-,-,06/15/2026
Portfolio Management IRA - 7852,THERMO FISHER SCIENTIFIC,Morgan Stanley,Stocks / Options,No,TMO,883556102,482.03,06/04/2026,1,482.03,1.70482118366916,8.08,481.89,481.89,0.0290522733403888,0.14,-,-,1.88,0.396,-,0.012386661997751,-,-,1.88,-,-,-,1.70482118366916,8.08,473.95,473.95,06/03/2026,-,-,06/15/2026
Portfolio Management IRA - 7350,T-MOBILE US INC COM,Morgan Stanley,Stocks / Options,No,TMUS,872590104,177.02,06/04/2026,29,5133.58,-2.44144392394599,-128.47,4275.93,4275.93,20.0576248909593,857.65,-,-,3.94,2.171,-,0.131916935249704,-,-,114.26,-,-,-,-2.44144392394599,-4.43,5262.05,181.45,06/03/2026,-,-,05/29/2026
Portfolio Management IRA - 7854,T-MOBILE US INC COM,Morgan Stanley,Stocks / Options,No,TMUS,872590104,177.02,06/04/2026,113,20003.26,-2.44144392394599,-500.59,16510.04,16510.04,21.1581558857519,3493.22,-,-,3.94,2.171,-,0.514021161490226,-,-,445.22,-,-,-,-2.44144392394599,-4.43,20503.85,181.45,06/03/2026,-,-,05/29/2026
Portfolio Management IRA - 7852,T-MOBILE US INC COM,Morgan Stanley,Stocks / Options,No,TMUS,872590104,177.02,06/04/2026,1,177.02,-2.44144392394599,-4.43,244.59,244.59,-27.6258228055112,-67.57,-,-,3.94,2.171,-,0.00454885983619669,-,-,3.94,-,-,-,-2.44144392394599,-4.43,181.45,181.45,06/03/2026,-,-,05/29/2026
Portfolio Management - 0827,T-MOBILE US INC COM,Morgan Stanley,Stocks / Options,No,TMUS,872590104,177.02,06/04/2026,49,8673.98,-2.44144392394599,-217.07,7157.65,7157.65,21.1847463902258,1516.33,-,-,3.94,2.171,-,0.222894131973637,-,-,193.06,-,-,-,-2.44144392394599,-4.43,8891.05,181.45,06/03/2026,-,-,05/29/2026
Portfolio Management IRA - 7350,TRANE TECHNOLOGIES PLC,Morgan Stanley,Stocks / Options,No,TT,G8994E103,463.76,06/04/2026,18,8347.68,-0.446505237849905,-37.44,1154.57,1154.57,623.012030452895,7193.11,-,-,4.2,0.901,-,0.214509243460752,-,-,75.6,-,-,-,-0.446505237849905,-2.08,8385.12,465.84,06/03/2026,-,-,06/05/2026
Portfolio Management IRA - 7854,TRANE TECHNOLOGIES PLC,Morgan Stanley,Stocks / Options,No,TT,G8994E103,463.76,06/04/2026,122,56578.72,-0.446505237849905,-253.76,9555.29,9555.29,492.119339130471,47023.43,-,-,4.2,0.901,-,1.45389598345621,-,-,512.4,-,-,-,-0.446505237849905,-2.08,56832.48,465.84,06/03/2026,-,-,06/05/2026
Portfolio Management IRA - 7852,TRANE TECHNOLOGIES PLC,Morgan Stanley,Stocks / Options,No,TT,G8994E103,463.76,06/04/2026,1,463.76,-0.446505237849905,-2.08,468.44,468.44,-0.999060712150969,-4.68,-,-,4.2,0.901,-,0.011917180192264,-,-,4.2,-,-,-,-0.446505237849905,-2.08,465.84,465.84,06/03/2026,-,-,06/05/2026
Portfolio Management - 0827,TRANE TECHNOLOGIES PLC,Morgan Stanley,Stocks / Options,No,TT,G8994E103,463.76,06/04/2026,56,25970.56,-0.446505237849905,-116.48,3215.1,3215.1,707.768343130851,22755.46,-,-,4.2,0.901,-,0.667362090766785,-,-,235.2,-,-,-,-0.446505237849905,-2.08,26087.04,465.84,06/03/2026,-,-,06/05/2026
Portfolio Management IRA - 7350,UBER TECHNOLOGIES INC,Morgan Stanley,Stocks / Options,No,UBER,90353T100,72.21,06/04/2026,80,5776.8,0.725345236434649,41.6,3768.94,3768.94,53.2738648001825,2007.86,-,-,0,-,-,0.148445675639707,-,-,-,-,-,-,0.725345236434649,0.52,5735.2,71.69,06/03/2026,-,-,-
Portfolio Management IRA - 7854,UBER TECHNOLOGIES INC,Morgan Stanley,Stocks / Options,No,UBER,90353T100,72.21,06/04/2026,460,33216.6,0.725345236434649,239.2,20504.57,20504.57,61.9960818490707,12712.03,-,-,0,-,-,0.853562634928319,-,-,-,-,-,-,0.725345236434649,0.52,32977.4,71.69,06/03/2026,-,-,-
Portfolio Management IRA - 7852,UBER TECHNOLOGIES INC,Morgan Stanley,Stocks / Options,No,UBER,90353T100,72.21,06/04/2026,3,216.63,0.725345236434649,1.56,271.77,271.77,-20.2892151451595,-55.14,-,-,0,-,-,0.00556671283648903,-,-,-,-,-,-,0.725345236434649,0.52,215.07,71.69,06/03/2026,-,-,-
Portfolio Management - 0827,UBER TECHNOLOGIES INC,Morgan Stanley,Stocks / Options,No,UBER,90353T100,72.21,06/04/2026,201,14514.21,0.725345236434649,104.52,5730.51,5730.51,153.279551034724,8783.7,-,-,0,-,-,0.372969760044765,-,-,-,-,-,-,0.725345236434649,0.52,14409.69,71.69,06/03/2026,-,-,-
Portfolio Management IRA - 7350,UNITEDHEALTH GP INC,Morgan Stanley,Stocks / Options,No,UNH,91324P102,396.47,06/04/2026,7,2775.29,5.16445623342175,136.29,2102.03,2102.03,32.0290385960238,673.26,-,-,8.84,2.344,-,0.0713162649124297,-,-,61.88,-,-,-,5.16445623342175,19.47,2639,377,06/03/2026,-,-,06/15/2026
Portfolio Management IRA - 7854,UNITEDHEALTH GP INC,Morgan Stanley,Stocks / Options,No,UNH,91324P102,396.47,06/04/2026,89,35285.83,5.16445623342175,1732.83,24150.37,24150.37,46.1088587876707,11135.46,-,-,8.84,2.344,-,0.906735368172321,-,-,786.76,-,-,-,5.16445623342175,19.47,33553,377,06/03/2026,-,-,06/15/2026
Portfolio Management IRA - 7852,UNITEDHEALTH GP INC,Morgan Stanley,Stocks / Options,No,UNH,91324P102,396.47,06/04/2026,2,792.94,5.16445623342175,38.94,569.7,569.7,39.1855362471476,223.24,-,-,8.84,2.344,-,0.0203760756892656,-,-,17.68,-,-,-,5.16445623342175,19.47,754,377,06/03/2026,-,-,06/15/2026
Portfolio Management - 0827,UNITEDHEALTH GP INC,Morgan Stanley,Stocks / Options,No,UNH,91324P102,396.47,06/04/2026,25,9911.75,5.16445623342175,486.75,7620.37,7620.37,30.0691436242597,2291.38,-,-,8.84,2.344,-,0.25470094611582,-,-,221,-,-,-,5.16445623342175,19.47,9425,377,06/03/2026,-,-,06/15/2026
Portfolio Management IRA - 7350,US FOODS HOLDING CORP,Morgan Stanley,Stocks / Options,No,USFD,912008109,82.2,06/04/2026,54,4438.8,-1.15440115440115,-51.84,2895.48,2895.48,53.3010070869078,1543.32,-,-,0,-,-,0.114063264269064,-,-,-,-,-,-,-1.15440115440115,-0.96,4490.64,83.16,06/03/2026,-,-,-
Portfolio Management IRA - 7854,US FOODS HOLDING CORP,Morgan Stanley,Stocks / Options,No,USFD,912008109,82.2,06/04/2026,305,25071,-1.15440115440115,-292.8,16354.1,16354.1,53.3010070869078,8716.9,-,-,0,-,-,0.644246214853052,-,-,-,-,-,-,-1.15440115440115,-0.96,25363.8,83.16,06/03/2026,-,-,-
Portfolio Management IRA - 7852,US FOODS HOLDING CORP,Morgan Stanley,Stocks / Options,No,USFD,912008109,82.2,06/04/2026,6,493.2,-1.15440115440115,-5.76,493.67,493.67,-0.0952052990864342,-0.47,-,-,0,-,-,0.0126736960298961,-,-,-,-,-,-,-1.15440115440115,-0.96,498.96,83.16,06/03/2026,-,-,-
Portfolio Management - 0827,US FOODS HOLDING CORP,Morgan Stanley,Stocks / Options,No,USFD,912008109,82.2,06/04/2026,78,6411.6,-1.15440115440115,-74.88,4182.36,4182.36,53.3010070869078,2229.24,-,-,0,-,-,0.164758048388649,-,-,-,-,-,-,-1.15440115440115,-0.96,6486.48,83.16,06/03/2026,-,-,-
Portfolio Management IRA - 7852,VANGUARD FTSE EMERGING MARKETS,Morgan Stanley,ETFs / CEFs,No,VWO,922042858,60.31,06/04/2026,24,1447.44,-0.0331510028178352,-0.48,1216.55,1216.55,18.9790801857712,230.89,-,-,1.45,2.403,-,0.0371946767670576,-,-,34.8,-,-,-,-0.0331510028178352,-0.02,1447.92,60.33,06/03/2026,-,-,03/20/2026
Portfolio Management - 0827,VANGUARD FTSE EMERGING MARKETS,Morgan Stanley,ETFs / CEFs,No,VWO,922042858,60.31,06/04/2026,179,10795.49,-0.0331510028178352,-3.58,7591.37,7591.37,42.2074012991067,3204.12,-,-,1.45,2.403,-,0.277410297554304,-,-,259.55,-,-,-,-0.0331510028178352,-0.02,10799.07,60.33,06/03/2026,-,-,03/20/2026
Portfolio Management IRA - 7350,VERIZON COMMUNICATIONS,Morgan Stanley,Stocks / Options,No,VZ,92343V104,44.87,06/04/2026,40,1794.8,-3.81564844587352,-71.2,2129.91,2129.91,-15.7335286467503,-335.11,-,-,2.83,6.066,-,0.0461207413512926,-,-,113.2,-,-,-,-3.81564844587352,-1.78,1866,46.65,06/03/2026,-,-,04/10/2026
Portfolio Management IRA - 7854,VERIZON COMMUNICATIONS,Morgan Stanley,Stocks / Options,No,VZ,92343V104,44.87,06/04/2026,497,22300.39,-3.81564844587352,-884.66,24141.76,24141.76,-7.62732294580014,-1841.37,-,-,2.83,6.066,-,0.573050211289811,-,-,1406.51,-,-,-,-3.81564844587352,-1.78,23185.05,46.65,06/03/2026,-,-,04/10/2026
Portfolio Management IRA - 7852,VERIZON COMMUNICATIONS,Morgan Stanley,Stocks / Options,No,VZ,92343V104,44.87,06/04/2026,10,448.7,-3.81564844587352,-17.8,428.58,428.58,4.69457277521116,20.12,-,-,2.83,6.066,-,0.0115301853378231,-,-,28.3,-,-,-,-3.81564844587352,-1.78,466.5,46.65,06/03/2026,-,-,04/10/2026
Portfolio Management IRA - 7350,WALMART INC,Morgan Stanley,Stocks / Options,No,WMT,931142103,117.74,06/04/2026,98,11538.52,0.727179399435366,83.3,4884.42,4884.42,136.23111853608,6654.1,-,-,0.99,0.846,-,0.296503842487584,-,-,97.02,-,-,-,0.727179399435366,0.85,11455.22,116.89,06/03/2026,-,-,08/21/2026
Portfolio Management IRA - 7854,WALMART INC,Morgan Stanley,Stocks / Options,No,WMT,931142103,117.74,06/04/2026,545,64168.3,0.727179399435366,463.25,27361.91,27361.91,134.516888623637,36806.39,-,-,0.99,0.846,-,1.6489244301605401,-,-,539.55,-,-,-,0.727179399435366,0.85,63705.05,116.89,06/03/2026,-,-,08/21/2026
Portfolio Management IRA - 7852,WALMART INC,Morgan Stanley,Stocks / Options,No,WMT,931142103,117.74,06/04/2026,9,1059.66,0.727179399435366,7.65,878.04,878.04,20.6847068470684,181.62,-,-,0.99,0.846,-,0.0272299447182475,-,-,8.91,-,-,-,0.727179399435366,0.85,1052.01,116.89,06/03/2026,-,-,08/21/2026
Portfolio Management - 0827,WALMART INC,Morgan Stanley,Stocks / Options,No,WMT,931142103,117.74,06/04/2026,374,44034.76,0.727179399435366,317.9,16248.41,16248.41,171.009655714005,27786.35,-,-,0.99,0.846,-,1.13155548051384,-,-,370.26,-,-,-,0.727179399435366,0.85,43716.86,116.89,06/03/2026,-,-,08/21/2026
Portfolio Management IRA - 7350,WILLSCOT HLDGS CORP CL A,Morgan Stanley,Stocks / Options,No,WSC,971378104,26.48,06/04/2026,186,4925.28,2.16049382716049,104.16,3996.21,3996.21,23.2487782173609,929.07,-,-,0.28,1.08,-,0.126564277336023,-,-,52.08,-,-,-,2.16049382716049,0.56,4821.12,25.92,06/03/2026,-,-,06/03/2026
Portfolio Management IRA - 7854,WILLSCOT HLDGS CORP CL A,Morgan Stanley,Stocks / Options,No,WSC,971378104,26.48,06/04/2026,967,25606.16,2.16049382716049,541.52,20776,20776,23.2487485560261,4830.16,-,-,0.28,1.08,-,0.657998151526529,-,-,270.76,-,-,-,2.16049382716049,0.56,25064.64,25.92,06/03/2026,-,-,06/03/2026
Portfolio Management IRA - 7852,WILLSCOT HLDGS CORP CL A,Morgan Stanley,Stocks / Options,No,WSC,971378104,26.48,06/04/2026,40,1059.2,2.16049382716049,22.4,859.4,859.4,23.2487782173609,199.8,-,-,0.28,1.08,-,0.0272181241582845,-,-,11.2,-,-,-,2.16049382716049,0.56,1036.8,25.92,06/03/2026,-,-,06/03/2026
Portfolio Management - 0827,WILLSCOT HLDGS CORP CL A,Morgan Stanley,Stocks / Options,No,WSC,971378104,26.48,06/04/2026,419,11095.12,2.16049382716049,234.64,9002.22,9002.22,23.2487097627029,2092.9,-,-,0.28,1.08,-,0.285109850558031,-,-,117.32,-,-,-,2.16049382716049,0.56,10860.48,25.92,06/03/2026,-,-,06/03/2026
Total,-,-,-,-,-,-,-,-,-,3891524.61,1.07502656062957,41389.97,2391095.89,2391095.89,61.5572150893538,1471892.04,0.14,-,-,-,-,100,-,-,59556.93,-,26.7623707615203,89521.38,-,-,3850134.64,-,-,-,334504.67,-
,,,,,,,,,,,,,,,,,,,,,,,,,,,,,,,,,,,,
,,,,,,,,,,,,,,,,,,,,,,,,,,,,,,,,,,,,
,,,,,,,,,,,,,,,,,,,,,,,,,,,,,,,,,,,,
"*Please note, accrued interest is based on prior day valuation and is not a real time calculation. Accrued interest may be overstated on the Payable Date of a security, since the interest paid will also be reflected as a Change ($) in ""Cash"" for that day.",,,,,,,,,,,,,,,,,,,,,,,,,,,,,,,,,,,,
,,,,,,,,,,,,,,,,,,,,,,,,,,,,,,,,,,,,
"""Net Value Increase/ (Decrease)"" reflects the difference between your total purchases, and the sum of the current value of the fund's shares, and cash distributions shown. This calculation is for informational purposes only and does not reflect your total unrealized gain or loss nor should it be used for tax purposes.",,,,,,,,,,,,,,,,,,,,,,,,,,,,,,,,,,,,
,,,,,,,,,,,,,,,,,,,,,,,,,,,,,,,,,,,,
"Account contains securities for which cost basis and/or other values are not available (indicated by a ""N/A"" displaying in the cost and/or gain (loss) fields). Totals shown do not incorporate gains (or losses) for these securities. In addition, total cost or adjusted cost may also be unavailable and excluded from totals. Please contact your Financial Advisor for additional information. The accuracy of the purchase date, cost basis and other information you provide is not independently verified. 

Prices of securities not actively traded may not be available, and are indicated by a dash ""-"" or ""N/A"".",,,,,,,,,,,,,,,,,,,,,,,,,,,,,,,,,,,,
,,,,,,,,,,,,,,,,,,,,,,,,,,,,,,,,,,,,
"For Pricing information, please go to the Help + Support section.",,,,,,,,,,,,,,,,,,,,,,,,,,,,,,,,,,,,
,,,,,,,,,,,,,,,,,,,,,,,,,,,,,,,,,,,,
"An investment in an exchange-traded fund involves risks similar to those of investing in a broadly based portfolio of equity securities traded on exchange in the relevant securities market, such as market fluctuations caused by such factors as economic and political developments, changes in interest rates and perceived trends in stock prices. The investment return and principal value of ETF investments will fluctuate, so that an investor's ETF shares, if or when sold, may be worth more or less than the original cost. Investors should carefully consider the investment objectives and risks as well as charges and expenses of an exchange traded fund before investing. To obtain a prospectus, contact your Financial Advisor or visit the fund company's website. The prospectus contains this and other information about the fund. Read the prospectus carefully before investing.",,,,,,,,,,,,,,,,,,,,,,,,,,,,,,,,,,,,
,,,,,,,,,,,,,,,,,,,,,,,,,,,,,,,,,,,,
"Special Considerations Regarding Structured Investments 
Structured Investments are complex products and may be subject to special risks, which may include, but are not limited to: loss of initial investment; issuer credit risk and price volatility resulting from any actual or anticipated changes to issuer's and/or guarantor's credit ratings or credit spreads; limited or no appreciation and limits on participation in any appreciation of underlying asset(s); risks associated with the underlying reference asset(s); no periodic payments; call prior to maturity; early redemption fees for market linked deposits; lower interest rates and/or yield compared to conventional debt with comparable maturity; unique tax implications; limited or no secondary market; and conflicts of interest due to affiliation, compensation or other factors which could adversely affect market value or payout to investors. Investors also should consider the concentration risk of owning the related security and their total exposure to any underlying asset. Structured Investments may not perform in a manner consistent with the statement product category where they appear and therefore may not satisfy portfolio asset allocation needs for that category. Accrued interest, estimated annual income and estimated yield for Structured Investments with a contingent income feature, including Range Accrual Notes and Contingent Income Notes, assume optimal performance of the underlying asset(s) and payment in full of all contingent interest. However, contingent interest is only paid if the specified accrual conditions are met during the relevant observation period. Actual accrued interest, annual income and yield will be dependent upon the performance of the underlying asset(s) and may be significantly lower than the estimates shown. For more information about the risks specific to your Structured Investments, you should contact your Financial Advisor. For important information on the risks and conflicts of interest related to structured products generally, click here or contact your Financial Advisor.",,,,,,,,,,,,,,,,,,,,,,,,,,,,,,,,,,,,
,,,,,,,,,,,,,,,,,,,,,,,,,,,,,,,,,,,,
"Savings and Time Deposits 
Transfers into the Savings Program initiated after 4pm E.T. or on a non-business day will not be available to you until the next business day. Transfers into the Savings Program will not begin to earn interest until the funds are deposited into the Savings Program on the next business day. 

For Savings & Time deposits, APY (%) is last valued as of previous day. 

For Savings & Time deposits, Accrued interest calculated since last payment date.",,,,,,,,,,,,,,,,,,,,,,,,,,,,,,,,,,,,
,,,,,,,,,,,,,,,,,,,,,,,,,,,,,,,,,,,,
"Important Information About Auction Rate Securities 
For certain Auction Rate Securities there is no or limited liquidity. Therefore, the price(s) for these Auction Rate Securities are indicated as not being available by a dash ""-"" or ""N/A"". There can be no assurance that a successful auction will occur or that a secondary market exists or will develop for a particular security.",,,,,,,,,,,,,,,,,,,,,,,,,,,,,,,,,,,,
,,,,,,,,,,,,,,,,,,,,,,,,,,,,,,,,,,,,
"FDIC insurance 
Detailed information on federal deposit insurance coverage can be found on the FDIC's website at: www.fdic.gov. For more information about the Bank Deposit Program, including Deposit Limits, please contact your Financial Advisor or review the Bank Deposit Disclosure Statement. Certain conditions must be satisfied.",,,,,,,,,,,,,,,,,,,,,,,,,,,,,,,,,,,,
,,,,,,,,,,,,,,,,,,,,,,,,,,,,,,,,,,,,
"Any real-time market data is for informational purposes only. The Real-Time Quotes data feed provided by NASDAQ Basic is displayed only on the non-trading pages and only for US exchange-listed equities. Delayed NASDAQ market data is delayed for at least 15 minutes; all other market data is delayed for at least 20 minutes. This data should be used for informational purposes only. Please be advised that on weekdays, excepting holidays, current day NASDAQ market data is available after 9:45 AM ET, data from all other exchanges is available after 9:50 AM ET. The accuracy of any market data displayed is not guaranteed.",,,,,,,,,,,,,,,,,,,,,,,,,,,,,,,,,,,,
,,,,,,,,,,,,,,,,,,,,,,,,,,,,,,,,,,,,
You should not use the Unrealized Gain/Loss information to evaluate the actual performance of the securities in your account. Your gain/loss information may or may not be inclusive of distributions of capital gains and/or dividends depending on the type of holding. Only trade confirmations and statements represent the official records of your account,,,,,,,,,,,,,,,,,,,,,,,,,,,,,,,,,,,,
,,,,,,,,,,,,,,,,,,,,,,,,,,,,,,,,,,,,
"Insured Cash Sweep (ICS) and Certificate of Deposit Account Registry Service (CDARS) are services offered by IntraFi Network, LLC (former Promontory Interfinancial Network, LLC), through which you may hold deposit accounts at multiple financial institutions that are custodied at Morgan Stanley Smith Barney LLC and sub-custodied at The Bank of New York Mellon. For additional information please review the terms of your applicable ICS or CDARS Deposit Placement Agreement.",,,,,,,,,,,,,,,,,,,,,,,,,,,,,,,,,,,,
,,,,,,,,,,,,,,,,,,,,,,,,,,,,,,,,,,,,
"Total Wealth View (asset aggregation) and Spending & Budgeting (S&B) are tools offered by Morgan Stanley and its unaffiliated service provider, Yodlee Inc. Asset aggregation utilizes technology that retrieves information about external accounts, assets, and liabilities at or available through third party sites as authorized by you. S&B utilizes your Morgan Stanley account information (if applicable) combined with information about your non-Morgan Stanley accounts as retrieved by the Total Wealth View tool to provide calculations relating to your cash flow, expenses, and budgeting. Information provided via both tools are provided solely as a service to you and are in no way intended to be, and should not be construed as, an offer or a solicitation of an offer or a recommendation to buy, sell, or hold any security, financial product, or instrument or to open a particular account or to engage in any specific investment strategy. Additional information about the services described are in the applicable terms of use.

If you have enrolled in Total Wealth View, ""Total Wealth"" represents the total value of your aggregated accounts and assets, minus your liabilities, held with Morgan Stanley, if applicable, and at external financial institutions. If you wish to exclude certain accounts, assets or liabilities from the calculation of your Total Wealth, you must do so manually using applicable feature of the Total Wealth View tool.",,,,,,,,,,,,,,,,,,,,,,,,,,,,,,,,,,,,
,,,,,,,,,,,,,,,,,,,,,,,,,,,,,,,,,,,,
"Information about External Assets Displayed on Morgan Stanley Online
Morgan Stanley Online information related to External Assets (as defined below) is provided solely as a service to you from externally integrated data sources which include, but are not limited to, the Total Wealth View tool and unaffiliated residential mortgage loan information. Morgan Stanley believes such sources to be reliable but have not independently verified, and as such, you should always consult the official statements provided by your External Asset custodian for the most accurate and up-to-date information.

For purposes of Morgan Stanley Online account displays and related website pages, unless noted otherwise, accounts, assets or liabilities indicated as ""external"" are those custodied at or held with any entity other than a Morgan Stanley affiliate (including Morgan Stanley Smith Barney LLC, Morgan Stanley & Co. LLC (MS & Co), or any Morgan Stanley banking entity) (External Assets); however, you should be aware that at this time any account held at any E*TRADE affiliate are treated as External Assets unless you have received notification that your E*TRADE Securities LLC and/or E*TRADE Capital Management LLC account(s) will be transitioning to Morgan Stanley Smith Barney LLC. In performance calculations, the inception date referenced will reflect the first date on which Morgan Stanley received account information from the custodian. If information on an External Asset cannot be reported, it may display with a ""-"" symbol, which indicates it is a null data field; however, there are no indicators for MS & Co, External Assets, and Manual Accounts if they are impacted by wash sales. Residential mortgage loans displayed on Morgan Stanley Online that are not held by Morgan Stanley Private Bank, National Association are not included in the Morgan Stanley Online Total Liabilities calculation. For some external fixed income and option holdings displayed via Total Wealth View, the quantity may not be available. Other information about External Assets displayed on Morgan Stanley Online may be disclosed to you on the screen.

Assets not custodied at Morgan Stanley Smith Barney LLC (MSSB) are not covered by SIPC protection at MSSB or by additional protection under MSSB's excess of SIPC insurance coverage. However, these assets may be subject to SIPC coverage at the entity at which they are custodied.",,,,,,,,,,,,,,,,,,,,,,,,,,,,,,,,,,,,
,,,,,,,,,,,,,,,,,,,,,,,,,,,,,,,,,,,,
External securities that are not held in U.S. Dollar (USD) are priced in accordance with Morgan Stanley Smith Barney’s market data pricing methodologies and displayed in USD. External non-U.S. Dollar currency holdings are converted using the previous business day’s closing FX market rate and will be displayed in USD.,,,,,,,,,,,,,,,,,,,,,,,,,,,,,,,,,,,,
,,,,,,,,,,,,,,,,,,,,,,,,,,,,,,,,,,,,
The CashPlus Account is a brokerage account offered through Morgan Stanley Smith Barney LLC. Conditions and restrictions apply. Please refer to the CashPlus Account Disclosure Statement for further details.,,,,,,,,,,,,,,,,,,,,,,,,,,,,,,,,,,,,
,,,,,,,,,,,,,,,,,,,,,,,,,,,,,,,,,,,,
"Additional Information
The information contained on this website is designed solely for your individual use and is for informational purposes only. Your official statements and confirmations contain the most accurate and up-to-date information on your account holdings. Values shown on your official statement may differ from the values shown on this webpage due to different reporting methods, delays, market conditions and interruptions. If there are discrepancies between your official statements and this website, rely on your official account statements. Website information is subject to change and we are not obligated to notify you of these changes. Information may be condensed and is not intended as an offer or recommendation of any account type, security or investment strategy.",,,,,,,,,,,,,,,,,,,,,,,,,,,,,,,,,,,,
,,,,,,,,,,,,,,,,,,,,,,,,,,,,,,,,,,,,
"Morgan Stanley Smith Barney LLC is a registered Broker/Dealer, Member SIPC, and not a bank. Where appropriate, Morgan Stanley Smith Barney LLC has entered into arrangements with banks and other third parties to assist in offering certain banking related products and services.",,,,,,,,,,,,,,,,,,,,,,,,,,,,,,,,,,,,
,,,,,,,,,,,,,,,,,,,,,,,,,,,,,,,,,,,,
"Investment, insurance and annuity products offered through Morgan Stanley Smith Barney LLC are: NOT FDIC INSURED | MAY LOSE VALUE | NOT BANK GUARANTEED | NOT A BANK DEPOSIT | NOT INSURED BY ANY FEDERAL GOVERNMENT AGENCY",,,,,,,,,,,,,,,,,,,,,,,,,,,,,,,,,,,,
,,,,,,,,,,,,,,,,,,,,,,,,,,,,,,,,,,,,
"Any real-time market data is for informational purposes only. The Real-Time Quotes data feed provided by NASDAQ Basic is displayed only on the non-trading pages and only for US exchange-listed equities. Delayed NASDAQ market data is delayed for at least 15 minutes; all other market data is delayed for at least 20 minutes. This data should be used for informational purposes only. Please be advised that on weekdays, excepting holidays, current day NASDAQ market data is available after 9:45 AM ET, data from all other exchanges is available after 9:50 AM ET. The accuracy of any market data displayed is not guaranteed.",,,,,,,,,,,,,,,,,,,,,,,,,,,,,,,,,,,,
